Time,O,H,L,C,V
07/05/2023 21:00:00,1.10164,1.10199,1.10148,1.10189,247
07/05/2023 22:00:00,1.10203,1.10229,1.10143,1.10163,1463
07/05/2023 23:00:00,1.10161,1.10217,1.10142,1.10182,1700
08/05/2023 00:00:00,1.10183,1.10254,1.10167,1.10243,2933
08/05/2023 01:00:00,1.10243,1.1032,1.10186,1.10311,3122
08/05/2023 02:00:00,1.10312,1.1037,1.10281,1.1032,2618
08/05/2023 03:00:00,1.10321,1.10399,1.10314,1.1039,2012
08/05/2023 04:00:00,1.10391,1.10442,1.10385,1.10436,2196
08/05/2023 05:00:00,1.10437,1.10444,1.10366,1.10387,2546
08/05/2023 06:00:00,1.10389,1.10506,1.10374,1.10482,3635
08/05/2023 07:00:00,1.10481,1.105,1.10383,1.10494,4908
08/05/2023 08:00:00,1.10493,1.10536,1.10358,1.1036,5120
08/05/2023 09:00:00,1.10359,1.1039,1.10228,1.1036,4942
08/05/2023 10:00:00,1.10356,1.105,1.10353,1.10479,3867
08/05/2023 11:00:00,1.1048,1.10514,1.103,1.10351,4486
08/05/2023 12:00:00,1.10349,1.10411,1.10318,1.1037,5387
08/05/2023 13:00:00,1.10371,1.10442,1.10334,1.10434,5885
08/05/2023 14:00:00,1.10434,1.1044,1.10131,1.10157,6545
08/05/2023 15:00:00,1.10158,1.10235,1.10115,1.10196,4753
08/05/2023 16:00:00,1.10198,1.1029,1.10188,1.10271,3104
08/05/2023 17:00:00,1.10276,1.10292,1.10133,1.10155,2730
08/05/2023 18:00:00,1.10155,1.10156,1.10049,1.10057,3927
08/05/2023 19:00:00,1.1006,1.10077,1.10001,1.10017,2703
08/05/2023 20:00:00,1.10016,1.10046,1.10001,1.10038,1370
08/05/2023 21:00:00,1.10024,1.10048,1.09984,1.10033,610
08/05/2023 22:00:00,1.10043,1.10043,1.10011,1.10012,1181
08/05/2023 23:00:00,1.10011,1.10023,1.09953,1.09966,1265
09/05/2023 00:00:00,1.09963,1.09975,1.0985,1.09897,4104
09/05/2023 01:00:00,1.09899,1.09949,1.0987,1.09876,2734
09/05/2023 02:00:00,1.09875,1.09926,1.09848,1.09906,2242
09/05/2023 03:00:00,1.09906,1.09941,1.09881,1.09937,2040
09/05/2023 04:00:00,1.0994,1.09953,1.09885,1.09888,1639
09/05/2023 05:00:00,1.09886,1.09943,1.09846,1.09942,2614
09/05/2023 06:00:00,1.09942,1.10007,1.09872,1.09941,4776
09/05/2023 07:00:00,1.09945,1.10002,1.09726,1.0978,7731
09/05/2023 08:00:00,1.0978,1.09862,1.0974,1.09788,5504
09/05/2023 09:00:00,1.09787,1.09843,1.09777,1.09842,3955
09/05/2023 10:00:00,1.09841,1.09842,1.09775,1.09797,3538
09/05/2023 11:00:00,1.09798,1.09827,1.0959,1.09634,4265
09/05/2023 12:00:00,1.09636,1.09671,1.09498,1.09499,6027
09/05/2023 13:00:00,1.095,1.09635,1.09411,1.09618,7407
09/05/2023 14:00:00,1.09622,1.09642,1.09533,1.09559,6756
09/05/2023 15:00:00,1.09563,1.09603,1.09508,1.09527,4920
09/05/2023 16:00:00,1.09527,1.09607,1.09492,1.09553,3809
09/05/2023 17:00:00,1.09552,1.09646,1.09543,1.09636,3335
09/05/2023 18:00:00,1.09638,1.09724,1.09614,1.09664,3777
09/05/2023 19:00:00,1.09664,1.09698,1.09615,1.09629,3046
09/05/2023 20:00:00,1.09629,1.09641,1.09595,1.09613,1581
09/05/2023 21:00:00,1.09603,1.09633,1.09446,1.09449,355
09/05/2023 22:00:00,1.09542,1.09673,1.09539,1.0965,1670
09/05/2023 23:00:00,1.0965,1.09688,1.09639,1.09646,1280
10/05/2023 00:00:00,1.09645,1.0972,1.09645,1.0969,2635
10/05/2023 01:00:00,1.09691,1.0974,1.09682,1.09712,3325
10/05/2023 02:00:00,1.09712,1.09749,1.09702,1.09743,2081
10/05/2023 03:00:00,1.09744,1.09773,1.09727,1.09761,1513
10/05/2023 04:00:00,1.09761,1.09772,1.09718,1.0972,1407
10/05/2023 05:00:00,1.09721,1.09725,1.09623,1.09666,2481
10/05/2023 06:00:00,1.09668,1.09752,1.09642,1.09695,4133
10/05/2023 07:00:00,1.09693,1.09825,1.09629,1.09646,6272
10/05/2023 08:00:00,1.09644,1.09648,1.09502,1.09521,6483
10/05/2023 09:00:00,1.09519,1.09592,1.09478,1.09567,4146
10/05/2023 10:00:00,1.09571,1.09606,1.09514,1.09547,4097
10/05/2023 11:00:00,1.09548,1.09549,1.09458,1.09491,4893
10/05/2023 12:00:00,1.0949,1.10058,1.09415,1.10008,11918
10/05/2023 13:00:00,1.10011,1.10063,1.09722,1.09858,11673
10/05/2023 14:00:00,1.09855,1.10068,1.0964,1.09722,11801
10/05/2023 15:00:00,1.09723,1.09799,1.09653,1.09654,6026
10/05/2023 16:00:00,1.09653,1.09753,1.0965,1.09704,3688
10/05/2023 17:00:00,1.09704,1.09727,1.09616,1.09673,5045
10/05/2023 18:00:00,1.09674,1.09825,1.09674,1.09767,4194
10/05/2023 19:00:00,1.09769,1.09848,1.09758,1.09824,3201
10/05/2023 20:00:00,1.09824,1.09843,1.09806,1.09822,1509
10/05/2023 21:00:00,1.09804,1.09817,1.0979,1.09813,180
10/05/2023 22:00:00,1.09822,1.09865,1.0982,1.09864,819
10/05/2023 23:00:00,1.09862,1.09871,1.09822,1.0983,1120
11/05/2023 00:00:00,1.09827,1.0993,1.09824,1.09927,3111
11/05/2023 01:00:00,1.09927,1.0998,1.09841,1.09845,3734
11/05/2023 02:00:00,1.09844,1.09851,1.09751,1.09806,3026
11/05/2023 03:00:00,1.09806,1.09817,1.09736,1.09744,1787
11/05/2023 04:00:00,1.09744,1.09761,1.09696,1.09752,1707
11/05/2023 05:00:00,1.09752,1.09822,1.09742,1.09783,2430
11/05/2023 06:00:00,1.09784,1.09791,1.09291,1.09304,6107
11/05/2023 07:00:00,1.09307,1.09386,1.09242,1.093,9326
11/05/2023 08:00:00,1.09301,1.09365,1.09182,1.09283,8000
11/05/2023 09:00:00,1.09282,1.09344,1.09237,1.09277,4787
11/05/2023 10:00:00,1.09278,1.0931,1.09178,1.09226,4765
11/05/2023 11:00:00,1.09224,1.09383,1.09211,1.09316,8303
11/05/2023 12:00:00,1.09316,1.0948,1.09258,1.09327,11771
11/05/2023 13:00:00,1.09327,1.09331,1.09011,1.09017,11896
11/05/2023 14:00:00,1.09015,1.0921,1.09001,1.09175,10022
11/05/2023 15:00:00,1.09172,1.09199,1.09094,1.09155,5966
11/05/2023 16:00:00,1.09155,1.0929,1.09155,1.09252,4295
11/05/2023 17:00:00,1.09251,1.09259,1.09107,1.09126,3204
11/05/2023 18:00:00,1.09127,1.09187,1.09118,1.09185,3357
11/05/2023 19:00:00,1.09185,1.09215,1.09162,1.0917,2203
11/05/2023 20:00:00,1.09167,1.09176,1.09151,1.09155,1198
11/05/2023 21:00:00,1.09151,1.09179,1.09148,1.09153,206
11/05/2023 22:00:00,1.09168,1.09188,1.09144,1.09165,1194
11/05/2023 23:00:00,1.09164,1.09174,1.09115,1.09124,1197
12/05/2023 00:00:00,1.09123,1.09216,1.09122,1.09214,2323
12/05/2023 01:00:00,1.09213,1.09241,1.09171,1.09241,3361
12/05/2023 02:00:00,1.09241,1.09253,1.09177,1.09185,2695
12/05/2023 03:00:00,1.09185,1.09225,1.0915,1.09223,2286
12/05/2023 04:00:00,1.09223,1.09269,1.09217,1.09262,2302
12/05/2023 05:00:00,1.09261,1.09304,1.09218,1.09242,2504
12/05/2023 06:00:00,1.0924,1.09344,1.09197,1.09286,5545
12/05/2023 07:00:00,1.09288,1.09354,1.09062,1.09076,7215
12/05/2023 08:00:00,1.09075,1.09141,1.09046,1.09135,5335
12/05/2023 09:00:00,1.09136,1.09172,1.08989,1.09108,4958
12/05/2023 10:00:00,1.09108,1.09148,1.09051,1.09052,3641
12/05/2023 11:00:00,1.09051,1.09056,1.08889,1.08919,4352
12/05/2023 12:00:00,1.0892,1.08951,1.08812,1.0887,6039
12/05/2023 13:00:00,1.08868,1.08943,1.08793,1.08883,7587
12/05/2023 14:00:00,1.08888,1.08972,1.08616,1.08623,10226
12/05/2023 15:00:00,1.08623,1.08649,1.08542,1.08556,5448
12/05/2023 16:00:00,1.08555,1.08569,1.08485,1.08517,3722
12/05/2023 17:00:00,1.08516,1.08568,1.08504,1.08545,3380
12/05/2023 18:00:00,1.08544,1.08546,1.08488,1.0853,3285
12/05/2023 19:00:00,1.0853,1.08549,1.08506,1.08517,2580
12/05/2023 20:00:00,1.08519,1.08521,1.08479,1.08496,1368
14/05/2023 21:00:00,1.08524,1.0855,1.08522,1.0853,255
14/05/2023 22:00:00,1.08474,1.08529,1.08452,1.08498,1776
14/05/2023 23:00:00,1.08498,1.08532,1.08477,1.08528,1383
15/05/2023 00:00:00,1.0853,1.08557,1.08481,1.0853,2779
15/05/2023 01:00:00,1.08531,1.08642,1.08524,1.08631,4187
15/05/2023 02:00:00,1.08631,1.08632,1.08552,1.08553,2862
15/05/2023 03:00:00,1.08553,1.08621,1.08549,1.08599,2377
15/05/2023 04:00:00,1.086,1.08636,1.08572,1.08629,1530
15/05/2023 05:00:00,1.08633,1.08692,1.08617,1.08675,3021
15/05/2023 06:00:00,1.08674,1.0872,1.08601,1.08699,4745
15/05/2023 07:00:00,1.08696,1.08771,1.08646,1.0874,5436
15/05/2023 08:00:00,1.08738,1.08801,1.0866,1.08684,4914
15/05/2023 09:00:00,1.08683,1.08696,1.08554,1.08688,4590
15/05/2023 10:00:00,1.08687,1.08791,1.08666,1.08779,3818
15/05/2023 11:00:00,1.0878,1.08806,1.08734,1.08776,4177
15/05/2023 12:00:00,1.08777,1.08907,1.08736,1.08791,6718
15/05/2023 13:00:00,1.08789,1.08818,1.08725,1.08794,6398
15/05/2023 14:00:00,1.08794,1.08816,1.08646,1.08647,6819
15/05/2023 15:00:00,1.08649,1.08752,1.0864,1.08733,4110
15/05/2023 16:00:00,1.08732,1.08789,1.08677,1.08789,2784
15/05/2023 17:00:00,1.08789,1.08789,1.08746,1.08762,2489
15/05/2023 18:00:00,1.08762,1.08782,1.08736,1.08743,2025
15/05/2023 19:00:00,1.08742,1.08769,1.08736,1.08749,1904
15/05/2023 20:00:00,1.0875,1.08763,1.08728,1.08743,1291
15/05/2023 21:00:00,1.08737,1.0875,1.08723,1.08739,145
15/05/2023 22:00:00,1.08754,1.08771,1.08735,1.0876,1078
15/05/2023 23:00:00,1.08757,1.0876,1.08732,1.08737,925
16/05/2023 00:00:00,1.08736,1.08821,1.08736,1.08818,2259
16/05/2023 01:00:00,1.08818,1.08818,1.08751,1.08774,2550
16/05/2023 02:00:00,1.08773,1.08836,1.08682,1.08835,3313
16/05/2023 03:00:00,1.08834,1.08847,1.08798,1.08824,1613
16/05/2023 04:00:00,1.08824,1.08835,1.08799,1.08828,1333
16/05/2023 05:00:00,1.08829,1.08829,1.08701,1.08709,2686
16/05/2023 06:00:00,1.08712,1.0877,1.08627,1.08763,6082
16/05/2023 07:00:00,1.0876,1.08945,1.08718,1.08884,6912
16/05/2023 08:00:00,1.08884,1.08978,1.08877,1.08911,5009
16/05/2023 09:00:00,1.08911,1.09046,1.0889,1.08937,5087
16/05/2023 10:00:00,1.08936,1.0897,1.08901,1.08951,3475
16/05/2023 11:00:00,1.0895,1.08973,1.0885,1.08869,3870
16/05/2023 12:00:00,1.08871,1.08897,1.08679,1.08814,8339
16/05/2023 13:00:00,1.08815,1.08891,1.08735,1.08751,9547
16/05/2023 14:00:00,1.08751,1.08763,1.08597,1.08665,8248
16/05/2023 15:00:00,1.08664,1.0868,1.08548,1.08648,6787
16/05/2023 16:00:00,1.08649,1.0872,1.08637,1.08668,4606
16/05/2023 17:00:00,1.08671,1.08711,1.08615,1.0867,2860
16/05/2023 18:00:00,1.08671,1.08702,1.08644,1.08677,2494
16/05/2023 19:00:00,1.08676,1.08697,1.08581,1.08629,2481
16/05/2023 20:00:00,1.08629,1.08647,1.08607,1.08628,1778
16/05/2023 21:00:00,1.08604,1.0863,1.08603,1.08612,183
16/05/2023 22:00:00,1.08612,1.08638,1.08607,1.08624,806
16/05/2023 23:00:00,1.08624,1.08656,1.08605,1.08653,1195
17/05/2023 00:00:00,1.08656,1.08718,1.08639,1.08704,2793
17/05/2023 01:00:00,1.08704,1.08711,1.08622,1.08699,3986
17/05/2023 02:00:00,1.08699,1.08736,1.08683,1.08697,3260
17/05/2023 03:00:00,1.08696,1.08712,1.08646,1.08654,1912
17/05/2023 04:00:00,1.08654,1.08677,1.0863,1.08647,1656
17/05/2023 05:00:00,1.08648,1.08653,1.08524,1.08532,3123
17/05/2023 06:00:00,1.08531,1.08645,1.08501,1.08538,4459
17/05/2023 07:00:00,1.08536,1.08636,1.08312,1.08318,7168
17/05/2023 08:00:00,1.08318,1.08481,1.08272,1.08291,6000
17/05/2023 09:00:00,1.08286,1.08324,1.08206,1.08308,5723
17/05/2023 10:00:00,1.08309,1.08327,1.08245,1.08303,4073
17/05/2023 11:00:00,1.08304,1.08415,1.08249,1.08252,4485
17/05/2023 12:00:00,1.08249,1.08316,1.08136,1.08239,6459
17/05/2023 13:00:00,1.0824,1.0839,1.08147,1.08152,7852
17/05/2023 14:00:00,1.08155,1.08328,1.08102,1.08206,8520
17/05/2023 15:00:00,1.08207,1.08362,1.08177,1.08292,5669
17/05/2023 16:00:00,1.08292,1.08454,1.08289,1.08418,4058
17/05/2023 17:00:00,1.08422,1.08491,1.08416,1.08439,3384
17/05/2023 18:00:00,1.08439,1.08455,1.08365,1.08374,3146
17/05/2023 19:00:00,1.08375,1.08429,1.08369,1.08398,2944
17/05/2023 20:00:00,1.084,1.08401,1.08369,1.08386,1211
17/05/2023 21:00:00,1.0839,1.08437,1.08375,1.08391,318
17/05/2023 22:00:00,1.08389,1.08425,1.08382,1.08385,965
17/05/2023 23:00:00,1.08383,1.08385,1.08347,1.08379,1102
18/05/2023 00:00:00,1.08378,1.08433,1.08348,1.08422,2512
18/05/2023 01:00:00,1.08421,1.08479,1.08379,1.08451,4711
18/05/2023 02:00:00,1.08452,1.0848,1.08438,1.08463,2510
18/05/2023 03:00:00,1.08463,1.08472,1.08376,1.08398,2022
18/05/2023 04:00:00,1.08398,1.08404,1.08326,1.08331,1857
18/05/2023 05:00:00,1.08332,1.08358,1.08269,1.08303,3014
18/05/2023 06:00:00,1.08302,1.08345,1.08234,1.08259,4577
18/05/2023 07:00:00,1.08261,1.0831,1.08091,1.08163,5371
18/05/2023 08:00:00,1.08167,1.08223,1.08122,1.08166,5927
18/05/2023 09:00:00,1.08165,1.08199,1.08074,1.08181,4315
18/05/2023 10:00:00,1.08181,1.08195,1.08056,1.08152,3382
18/05/2023 11:00:00,1.08153,1.08179,1.08081,1.0815,3255
18/05/2023 12:00:00,1.08151,1.08178,1.07852,1.079,7721
18/05/2023 13:00:00,1.079,1.07949,1.0775,1.07777,8267
18/05/2023 14:00:00,1.07778,1.07866,1.07669,1.07694,7920
18/05/2023 15:00:00,1.07693,1.07786,1.07632,1.07753,5230
18/05/2023 16:00:00,1.07754,1.07811,1.07626,1.0763,4119
18/05/2023 17:00:00,1.0763,1.07672,1.07624,1.07666,3706
18/05/2023 18:00:00,1.07665,1.07689,1.07639,1.07668,2553
18/05/2023 19:00:00,1.07669,1.07743,1.0766,1.0774,2890
18/05/2023 20:00:00,1.0774,1.07749,1.07698,1.07698,1540
18/05/2023 21:00:00,1.07694,1.07699,1.0766,1.07698,233
18/05/2023 22:00:00,1.07693,1.07767,1.07693,1.07763,1016
18/05/2023 23:00:00,1.07762,1.07766,1.07737,1.07749,1267
19/05/2023 00:00:00,1.07751,1.07802,1.07725,1.07739,3529
19/05/2023 01:00:00,1.07739,1.07758,1.07599,1.07634,4210
19/05/2023 02:00:00,1.07633,1.07739,1.07607,1.07722,3243
19/05/2023 03:00:00,1.07721,1.07724,1.07669,1.07683,2534
19/05/2023 04:00:00,1.0768,1.07692,1.07605,1.07634,1909
19/05/2023 05:00:00,1.07634,1.07711,1.07616,1.07687,2786
19/05/2023 06:00:00,1.07688,1.0792,1.07669,1.07814,5691
19/05/2023 07:00:00,1.07812,1.07902,1.07738,1.07774,6413
19/05/2023 08:00:00,1.07775,1.07944,1.0771,1.07881,5264
19/05/2023 09:00:00,1.0788,1.08042,1.07875,1.08022,5087
19/05/2023 10:00:00,1.08026,1.08028,1.07905,1.07945,5729
19/05/2023 11:00:00,1.07944,1.08091,1.07923,1.08086,5635
19/05/2023 12:00:00,1.08086,1.08237,1.08052,1.08057,7143
19/05/2023 13:00:00,1.08057,1.08079,1.07892,1.07951,7593
19/05/2023 14:00:00,1.07952,1.07961,1.07843,1.0786,6976
19/05/2023 15:00:00,1.0786,1.08266,1.07821,1.0819,13933
19/05/2023 16:00:00,1.08189,1.08249,1.08113,1.08208,6287
19/05/2023 17:00:00,1.08208,1.08288,1.08179,1.08196,3344
19/05/2023 18:00:00,1.08197,1.08203,1.0808,1.08084,3258
19/05/2023 19:00:00,1.08084,1.08092,1.07977,1.08059,2758
19/05/2023 20:00:00,1.0806,1.08082,1.08013,1.08057,1865
21/05/2023 21:00:00,1.08043,1.08067,1.08043,1.08053,117
21/05/2023 22:00:00,1.08077,1.08198,1.08049,1.08172,1259
21/05/2023 23:00:00,1.08168,1.08241,1.08168,1.0822,1614
22/05/2023 00:00:00,1.08219,1.0825,1.08166,1.08235,3405
22/05/2023 01:00:00,1.08237,1.08299,1.08209,1.08254,4686
22/05/2023 02:00:00,1.08255,1.08256,1.08187,1.08228,3619
22/05/2023 03:00:00,1.08228,1.08254,1.08198,1.08208,2529
22/05/2023 04:00:00,1.08208,1.08235,1.08178,1.08184,1874
22/05/2023 05:00:00,1.08184,1.08196,1.081,1.08104,3216
22/05/2023 06:00:00,1.08109,1.08242,1.08073,1.08107,5202
22/05/2023 07:00:00,1.08104,1.08128,1.07954,1.08068,6977
22/05/2023 08:00:00,1.08069,1.08129,1.0799,1.08106,5676
22/05/2023 09:00:00,1.08104,1.08235,1.08081,1.08193,4168
22/05/2023 10:00:00,1.08192,1.08295,1.08174,1.08219,4281
22/05/2023 11:00:00,1.08221,1.08232,1.08124,1.08216,4834
22/05/2023 12:00:00,1.08218,1.08312,1.0816,1.08193,6186
22/05/2023 13:00:00,1.08192,1.08215,1.08084,1.08122,6994
22/05/2023 14:00:00,1.08121,1.08243,1.07973,1.07984,10308
22/05/2023 15:00:00,1.07984,1.08081,1.07961,1.0805,5017
22/05/2023 16:00:00,1.08049,1.08169,1.08028,1.08097,3938
22/05/2023 17:00:00,1.08098,1.08204,1.08081,1.08181,3804
22/05/2023 18:00:00,1.08182,1.08216,1.08141,1.08191,2895
22/05/2023 19:00:00,1.0819,1.08197,1.08104,1.08114,2691
22/05/2023 20:00:00,1.08111,1.08137,1.08098,1.08122,1551
22/05/2023 21:00:00,1.0809,1.08135,1.08082,1.0811,423
22/05/2023 22:00:00,1.08108,1.08147,1.08108,1.08126,1347
22/05/2023 23:00:00,1.08127,1.08131,1.08064,1.08105,2112
23/05/2023 00:00:00,1.08106,1.08206,1.08106,1.08116,3046
23/05/2023 01:00:00,1.08115,1.08119,1.08041,1.08044,4027
23/05/2023 02:00:00,1.08044,1.08105,1.08026,1.08102,2697
23/05/2023 03:00:00,1.08102,1.08104,1.08047,1.08081,2841
23/05/2023 04:00:00,1.08078,1.08106,1.08058,1.08103,1888
23/05/2023 05:00:00,1.08103,1.08107,1.08001,1.08073,2631
23/05/2023 06:00:00,1.08073,1.08129,1.08032,1.08091,4864
23/05/2023 07:00:00,1.08092,1.08097,1.07852,1.08036,8189
23/05/2023 08:00:00,1.08034,1.0808,1.07892,1.08031,6658
23/05/2023 09:00:00,1.0803,1.08036,1.07802,1.07813,4654
23/05/2023 10:00:00,1.07812,1.07812,1.07698,1.07778,5184
23/05/2023 11:00:00,1.07777,1.07846,1.07727,1.07727,4012
23/05/2023 12:00:00,1.07728,1.07827,1.07632,1.07639,6534
23/05/2023 13:00:00,1.07639,1.07849,1.0763,1.0782,10100
23/05/2023 14:00:00,1.07822,1.07955,1.07773,1.07787,9843
23/05/2023 15:00:00,1.07785,1.07807,1.07708,1.07708,4959
23/05/2023 16:00:00,1.07707,1.07723,1.07602,1.07668,3835
23/05/2023 17:00:00,1.07669,1.0779,1.07643,1.07778,3280
23/05/2023 18:00:00,1.07778,1.07807,1.07753,1.07762,3586
23/05/2023 19:00:00,1.07761,1.07764,1.07664,1.07674,2971
23/05/2023 20:00:00,1.07675,1.07712,1.07669,1.07705,1111
23/05/2023 21:00:00,1.07698,1.07726,1.07677,1.07719,309
23/05/2023 22:00:00,1.0773,1.07733,1.07706,1.07723,681
23/05/2023 23:00:00,1.07724,1.07736,1.07687,1.07692,1210
24/05/2023 00:00:00,1.07689,1.07751,1.07676,1.07725,2377
24/05/2023 01:00:00,1.07724,1.07743,1.07678,1.07735,3462
24/05/2023 02:00:00,1.07735,1.07766,1.07686,1.07745,3883
24/05/2023 03:00:00,1.07746,1.07797,1.07725,1.07789,2192
24/05/2023 04:00:00,1.07787,1.07823,1.07756,1.07799,1657
24/05/2023 05:00:00,1.078,1.07863,1.07788,1.07834,3465
24/05/2023 06:00:00,1.07832,1.07893,1.07761,1.07776,6665
24/05/2023 07:00:00,1.07777,1.07857,1.07702,1.0784,7312
24/05/2023 08:00:00,1.07839,1.07948,1.0775,1.07776,7341
24/05/2023 09:00:00,1.07775,1.07819,1.07731,1.07735,4666
24/05/2023 10:00:00,1.07737,1.07737,1.07481,1.07514,6751
24/05/2023 11:00:00,1.07513,1.07808,1.07509,1.07808,5340
24/05/2023 12:00:00,1.07808,1.08013,1.07785,1.07896,8333
24/05/2023 13:00:00,1.07896,1.0794,1.07691,1.07696,8575
24/05/2023 14:00:00,1.07692,1.07772,1.07582,1.07626,8044
24/05/2023 15:00:00,1.07627,1.07648,1.07547,1.07582,7149
24/05/2023 16:00:00,1.07582,1.07611,1.07494,1.07561,6354
24/05/2023 17:00:00,1.07562,1.07658,1.07538,1.0756,5175
24/05/2023 18:00:00,1.07562,1.0766,1.07497,1.07506,5448
24/05/2023 19:00:00,1.07509,1.07571,1.07493,1.07495,3713
24/05/2023 20:00:00,1.07495,1.07538,1.07489,1.07491,2114
24/05/2023 21:00:00,1.07508,1.07524,1.07475,1.0749,344
24/05/2023 22:00:00,1.07491,1.07565,1.07423,1.0755,2072
24/05/2023 23:00:00,1.07545,1.07567,1.07526,1.07556,1215
25/05/2023 00:00:00,1.07558,1.07558,1.07451,1.07503,3835
25/05/2023 01:00:00,1.07503,1.07534,1.07406,1.07437,4499
25/05/2023 02:00:00,1.07438,1.07459,1.07401,1.07416,2871
25/05/2023 03:00:00,1.07415,1.07423,1.0736,1.07374,2423
25/05/2023 04:00:00,1.07375,1.07396,1.07329,1.07342,1744
25/05/2023 05:00:00,1.07342,1.07397,1.07337,1.07397,3213
25/05/2023 06:00:00,1.07396,1.0744,1.07281,1.07321,5348
25/05/2023 07:00:00,1.07322,1.07331,1.07141,1.07209,7618
25/05/2023 08:00:00,1.0721,1.07369,1.07197,1.07229,6095
25/05/2023 09:00:00,1.07227,1.07383,1.07222,1.07316,5211
25/05/2023 10:00:00,1.07317,1.07326,1.07223,1.07226,3826
25/05/2023 11:00:00,1.07227,1.07328,1.0722,1.07327,4633
25/05/2023 12:00:00,1.07328,1.07402,1.07148,1.07184,10960
25/05/2023 13:00:00,1.07183,1.07254,1.07073,1.07133,9521
25/05/2023 14:00:00,1.07133,1.07326,1.07132,1.07283,9674
25/05/2023 15:00:00,1.07283,1.07309,1.07181,1.07241,6337
25/05/2023 16:00:00,1.07242,1.07243,1.07117,1.07124,4275
25/05/2023 17:00:00,1.07125,1.07279,1.07113,1.07275,3282
25/05/2023 18:00:00,1.07276,1.07293,1.0719,1.07209,3234
25/05/2023 19:00:00,1.07213,1.07238,1.07152,1.07206,3528
25/05/2023 20:00:00,1.07209,1.07254,1.07209,1.07251,1487
25/05/2023 21:00:00,1.0725,1.07268,1.07211,1.07266,147
25/05/2023 22:00:00,1.07261,1.07279,1.07239,1.07261,1913
25/05/2023 23:00:00,1.07263,1.07274,1.07225,1.07234,1026
26/05/2023 00:00:00,1.07234,1.07259,1.07189,1.07253,3114
26/05/2023 01:00:00,1.07254,1.07325,1.07244,1.07321,3290
26/05/2023 02:00:00,1.07321,1.07373,1.07321,1.0734,3064
26/05/2023 03:00:00,1.07341,1.07386,1.0734,1.07374,2474
26/05/2023 04:00:00,1.07373,1.07409,1.07368,1.07397,1877
26/05/2023 05:00:00,1.07401,1.07428,1.07364,1.07371,2980
26/05/2023 06:00:00,1.0737,1.0738,1.07286,1.07293,5127
26/05/2023 07:00:00,1.07292,1.07445,1.07253,1.07404,6840
26/05/2023 08:00:00,1.07404,1.07411,1.07286,1.07318,5412
26/05/2023 09:00:00,1.07315,1.07367,1.07255,1.0735,4386
26/05/2023 10:00:00,1.07348,1.07467,1.07264,1.07441,4336
26/05/2023 11:00:00,1.07444,1.07586,1.07407,1.07525,4344
26/05/2023 12:00:00,1.07527,1.07572,1.07292,1.0742,9287
26/05/2023 13:00:00,1.07418,1.07505,1.07205,1.07229,9014
26/05/2023 14:00:00,1.07233,1.07408,1.0702,1.07053,10909
26/05/2023 15:00:00,1.07052,1.07137,1.07017,1.0712,7245
26/05/2023 16:00:00,1.0712,1.07219,1.0712,1.07197,4098
26/05/2023 17:00:00,1.07197,1.07275,1.07187,1.07266,3150
26/05/2023 18:00:00,1.07265,1.07327,1.07251,1.07293,2275
26/05/2023 19:00:00,1.07294,1.07313,1.07266,1.07296,1750
26/05/2023 20:00:00,1.07294,1.07301,1.07242,1.0725,1660
28/05/2023 21:00:00,1.07201,1.07242,1.07195,1.07213,129
28/05/2023 22:00:00,1.07212,1.07292,1.07179,1.0719,1925
28/05/2023 23:00:00,1.07195,1.07238,1.07185,1.07216,1118
29/05/2023 00:00:00,1.07213,1.07217,1.07171,1.07199,1966
29/05/2023 01:00:00,1.07198,1.07321,1.07184,1.07316,2749
29/05/2023 02:00:00,1.07316,1.07356,1.07306,1.07313,2025
29/05/2023 03:00:00,1.07312,1.07336,1.07292,1.07304,1180
29/05/2023 04:00:00,1.07303,1.07362,1.07299,1.0736,1130
29/05/2023 05:00:00,1.07362,1.07385,1.07339,1.07363,1765
29/05/2023 06:00:00,1.07362,1.07435,1.07358,1.07364,2701
29/05/2023 07:00:00,1.07364,1.07388,1.07246,1.07281,3979
29/05/2023 08:00:00,1.07281,1.07293,1.07151,1.0724,3465
29/05/2023 09:00:00,1.07239,1.07239,1.07132,1.0716,2978
29/05/2023 10:00:00,1.07159,1.07179,1.0712,1.07151,2403
29/05/2023 11:00:00,1.07148,1.07189,1.07105,1.07106,2267
29/05/2023 12:00:00,1.07107,1.0715,1.07098,1.07146,2499
29/05/2023 13:00:00,1.07147,1.07159,1.07081,1.07095,2989
29/05/2023 14:00:00,1.07096,1.07109,1.07058,1.07086,2283
29/05/2023 15:00:00,1.07087,1.07152,1.07081,1.07139,1496
29/05/2023 16:00:00,1.07139,1.07142,1.07112,1.07126,822
29/05/2023 17:00:00,1.07128,1.07149,1.07113,1.07118,458
29/05/2023 18:00:00,1.07117,1.0712,1.07104,1.07107,363
29/05/2023 19:00:00,1.07107,1.07108,1.0709,1.07091,431
29/05/2023 20:00:00,1.07091,1.07099,1.07053,1.07085,603
29/05/2023 21:00:00,1.07073,1.07123,1.07073,1.07078,175
29/05/2023 22:00:00,1.07077,1.07122,1.07055,1.07097,899
29/05/2023 23:00:00,1.07098,1.07098,1.07061,1.07067,1100
30/05/2023 00:00:00,1.07064,1.07197,1.07042,1.07137,3743
30/05/2023 01:00:00,1.07139,1.07262,1.07136,1.07232,3911
30/05/2023 02:00:00,1.07231,1.07249,1.07194,1.07213,2395
30/05/2023 03:00:00,1.07214,1.07217,1.07013,1.07066,3213
30/05/2023 04:00:00,1.07065,1.07087,1.07033,1.07079,2081
30/05/2023 05:00:00,1.07079,1.07082,1.06812,1.0686,5087
30/05/2023 06:00:00,1.0686,1.06982,1.06848,1.06943,5915
30/05/2023 07:00:00,1.06911,1.06938,1.06724,1.06903,7664
30/05/2023 08:00:00,1.069,1.07082,1.06873,1.07046,6791
30/05/2023 09:00:00,1.07047,1.07247,1.0697,1.07193,6926
30/05/2023 10:00:00,1.07195,1.07359,1.07194,1.07315,5830
30/05/2023 11:00:00,1.07316,1.07446,1.07306,1.0744,6022
30/05/2023 12:00:00,1.07439,1.07466,1.07216,1.07224,7036
30/05/2023 13:00:00,1.07224,1.07386,1.07186,1.07297,7389
30/05/2023 14:00:00,1.07298,1.07408,1.07204,1.07275,8668
30/05/2023 15:00:00,1.07276,1.07285,1.07197,1.07216,4990
30/05/2023 16:00:00,1.0722,1.07272,1.07162,1.07207,3524
30/05/2023 17:00:00,1.07206,1.07216,1.07141,1.07169,3153
30/05/2023 18:00:00,1.07168,1.07209,1.07143,1.07196,2701
30/05/2023 19:00:00,1.07194,1.07303,1.0718,1.07299,3136
30/05/2023 20:00:00,1.07299,1.07347,1.07271,1.07339,1671
30/05/2023 21:00:00,1.0729,1.07344,1.07264,1.07317,436
30/05/2023 22:00:00,1.07318,1.0734,1.07309,1.0732,788
30/05/2023 23:00:00,1.07321,1.07357,1.07305,1.07316,1180
31/05/2023 00:00:00,1.07318,1.07356,1.07274,1.0735,2797
31/05/2023 01:00:00,1.07351,1.07354,1.07117,1.07133,4865
31/05/2023 02:00:00,1.07133,1.07147,1.07027,1.07046,3676
31/05/2023 03:00:00,1.07046,1.0705,1.06943,1.06979,2808
31/05/2023 04:00:00,1.06978,1.07007,1.06952,1.0698,1749
31/05/2023 05:00:00,1.06981,1.06989,1.06851,1.06973,4813
31/05/2023 06:00:00,1.06974,1.0698,1.06793,1.06848,6605
31/05/2023 07:00:00,1.06841,1.06844,1.06699,1.06742,8361
31/05/2023 08:00:00,1.06741,1.0677,1.06586,1.06597,6929
31/05/2023 09:00:00,1.06596,1.06762,1.06596,1.06761,5635
31/05/2023 10:00:00,1.06758,1.06788,1.06675,1.06762,4131
31/05/2023 11:00:00,1.06766,1.06872,1.06748,1.06796,4446
31/05/2023 12:00:00,1.06795,1.06873,1.06791,1.06808,4916
31/05/2023 13:00:00,1.06807,1.07051,1.06782,1.06914,8066
31/05/2023 14:00:00,1.06914,1.06914,1.06576,1.06612,13950
31/05/2023 15:00:00,1.06616,1.06672,1.06512,1.06526,8461
31/05/2023 16:00:00,1.06527,1.06542,1.06351,1.06378,6289
31/05/2023 17:00:00,1.06379,1.06699,1.06355,1.0663,6379
31/05/2023 18:00:00,1.06633,1.06798,1.06629,1.06741,5055
31/05/2023 19:00:00,1.0674,1.06889,1.06704,1.06863,3864
31/05/2023 20:00:00,1.06861,1.06921,1.06856,1.0688,2498
31/05/2023 21:00:00,1.06839,1.0689,1.0682,1.06858,398
31/05/2023 22:00:00,1.06861,1.06945,1.06861,1.0693,1553
31/05/2023 23:00:00,1.0693,1.06971,1.06925,1.06934,1839
01/06/2023 00:00:00,1.06935,1.06951,1.06854,1.06865,3166
01/06/2023 01:00:00,1.06866,1.06932,1.06801,1.06913,4828
01/06/2023 02:00:00,1.06913,1.0694,1.06881,1.06904,3336
01/06/2023 03:00:00,1.06904,1.06935,1.06855,1.06871,2546
01/06/2023 04:00:00,1.06871,1.06916,1.06812,1.06815,2413
01/06/2023 05:00:00,1.06816,1.06845,1.06759,1.0677,3166
01/06/2023 06:00:00,1.06771,1.06853,1.06732,1.0684,5353
01/06/2023 07:00:00,1.06839,1.06868,1.06617,1.06703,6987
01/06/2023 08:00:00,1.06703,1.06869,1.06644,1.06865,5490
01/06/2023 09:00:00,1.0687,1.07097,1.06828,1.07089,4888
01/06/2023 10:00:00,1.0709,1.07147,1.07007,1.07089,4914
01/06/2023 11:00:00,1.07088,1.07155,1.07049,1.07061,4542
01/06/2023 12:00:00,1.07059,1.07115,1.06845,1.0708,10612
01/06/2023 13:00:00,1.07082,1.07309,1.0703,1.07283,9281
01/06/2023 14:00:00,1.0733,1.07418,1.07211,1.07314,11717
01/06/2023 15:00:00,1.07315,1.07537,1.07279,1.07508,6815
01/06/2023 16:00:00,1.07507,1.0764,1.07477,1.07599,5001
01/06/2023 17:00:00,1.076,1.07643,1.07556,1.07641,3375
01/06/2023 18:00:00,1.07642,1.07684,1.07613,1.07617,2953
01/06/2023 19:00:00,1.07617,1.0763,1.07568,1.07623,2701
01/06/2023 20:00:00,1.07623,1.07634,1.07587,1.07622,1182
01/06/2023 21:00:00,1.07618,1.07618,1.07557,1.07586,341
01/06/2023 22:00:00,1.07591,1.07652,1.0759,1.07651,1269
01/06/2023 23:00:00,1.07654,1.07654,1.07595,1.07603,943
02/06/2023 00:00:00,1.07605,1.07642,1.07582,1.07617,2473
02/06/2023 01:00:00,1.0762,1.07667,1.07587,1.07614,3356
02/06/2023 02:00:00,1.07615,1.07669,1.07608,1.07654,2736
02/06/2023 03:00:00,1.07655,1.0769,1.07633,1.0768,2405
02/06/2023 04:00:00,1.0768,1.07685,1.07619,1.0763,2051
02/06/2023 05:00:00,1.0763,1.07722,1.07619,1.07714,2671
02/06/2023 06:00:00,1.07717,1.07789,1.0766,1.07709,4472
02/06/2023 07:00:00,1.0771,1.07759,1.07601,1.07621,6300
02/06/2023 08:00:00,1.0762,1.07771,1.07601,1.07742,4598
02/06/2023 09:00:00,1.07744,1.0777,1.07602,1.07671,5011
02/06/2023 10:00:00,1.07671,1.07748,1.07656,1.07673,3528
02/06/2023 11:00:00,1.07674,1.07694,1.07576,1.07576,3858
02/06/2023 12:00:00,1.07578,1.07673,1.07347,1.07474,11832
02/06/2023 13:00:00,1.07479,1.0771,1.07403,1.07422,10656
02/06/2023 14:00:00,1.07425,1.07496,1.07211,1.07234,10205
02/06/2023 15:00:00,1.07235,1.07298,1.07175,1.07231,5335
02/06/2023 16:00:00,1.07231,1.07236,1.07086,1.071,4142
02/06/2023 17:00:00,1.07102,1.07158,1.07075,1.071,3120
02/06/2023 18:00:00,1.07101,1.07153,1.07056,1.07124,2963
02/06/2023 19:00:00,1.07125,1.07143,1.07064,1.07077,2116
02/06/2023 20:00:00,1.07079,1.07086,1.07053,1.07071,1203
04/06/2023 21:00:00,1.07079,1.07086,1.07052,1.07063,179
04/06/2023 22:00:00,1.07077,1.07077,1.07009,1.07009,1649
04/06/2023 23:00:00,1.0701,1.07016,1.06938,1.06968,2246
05/06/2023 00:00:00,1.06972,1.06973,1.06903,1.06937,3126
05/06/2023 01:00:00,1.06939,1.07015,1.06907,1.07013,4315
05/06/2023 02:00:00,1.07013,1.07046,1.06985,1.07002,2769
05/06/2023 03:00:00,1.07001,1.0704,1.06992,1.07025,1985
05/06/2023 04:00:00,1.07024,1.07033,1.06964,1.06999,1812
05/06/2023 05:00:00,1.06999,1.07036,1.06939,1.07013,2851
05/06/2023 06:00:00,1.07008,1.0701,1.06892,1.06936,4754
05/06/2023 07:00:00,1.06936,1.06993,1.06834,1.06898,7037
05/06/2023 08:00:00,1.06899,1.06978,1.06853,1.06958,4727
05/06/2023 09:00:00,1.06959,1.06991,1.069,1.06923,3930
05/06/2023 10:00:00,1.06922,1.06948,1.06868,1.06929,3063
05/06/2023 11:00:00,1.06927,1.0695,1.06849,1.06896,2953
05/06/2023 12:00:00,1.06897,1.06917,1.06745,1.06787,4733
05/06/2023 13:00:00,1.06787,1.06911,1.06778,1.06805,6323
05/06/2023 14:00:00,1.06806,1.07224,1.06806,1.07108,12892
05/06/2023 15:00:00,1.07106,1.07206,1.07031,1.07206,5250
05/06/2023 16:00:00,1.07205,1.07213,1.07098,1.07115,3282
05/06/2023 17:00:00,1.07114,1.07139,1.07073,1.07129,2348
05/06/2023 18:00:00,1.07129,1.07172,1.07108,1.07137,3029
05/06/2023 19:00:00,1.07142,1.07174,1.07112,1.07125,3162
05/06/2023 20:00:00,1.07126,1.07133,1.07096,1.07118,1354
05/06/2023 21:00:00,1.07112,1.07125,1.07078,1.07096,364
05/06/2023 22:00:00,1.07101,1.07143,1.07095,1.07135,1315
05/06/2023 23:00:00,1.07132,1.07141,1.07075,1.07115,1487
06/06/2023 00:00:00,1.07115,1.07168,1.07098,1.07162,1588
06/06/2023 01:00:00,1.07161,1.0717,1.07128,1.07155,2590
06/06/2023 02:00:00,1.07156,1.07246,1.07154,1.07183,2841
06/06/2023 03:00:00,1.07184,1.07194,1.07143,1.07159,1578
06/06/2023 04:00:00,1.07159,1.0724,1.07151,1.07234,3063
06/06/2023 05:00:00,1.07236,1.07314,1.07225,1.07248,3034
06/06/2023 06:00:00,1.0725,1.07328,1.07213,1.07243,5690
06/06/2023 07:00:00,1.07241,1.07274,1.07072,1.07145,8393
06/06/2023 08:00:00,1.07147,1.07149,1.06952,1.06993,7056
06/06/2023 09:00:00,1.06994,1.07011,1.06893,1.06921,4746
06/06/2023 10:00:00,1.0692,1.06996,1.06825,1.06977,4699
06/06/2023 11:00:00,1.06978,1.07003,1.06761,1.06768,4146
06/06/2023 12:00:00,1.06768,1.06839,1.0667,1.06706,5998
06/06/2023 13:00:00,1.06705,1.06827,1.06692,1.06725,6891
06/06/2023 14:00:00,1.06724,1.06912,1.06709,1.06907,7006
06/06/2023 15:00:00,1.06908,1.06968,1.06846,1.06944,5548
06/06/2023 16:00:00,1.06944,1.06978,1.06873,1.06884,3073
06/06/2023 17:00:00,1.06885,1.06885,1.06821,1.06858,2069
06/06/2023 18:00:00,1.06858,1.06963,1.06847,1.06941,2162
06/06/2023 19:00:00,1.0694,1.0696,1.06904,1.06918,2026
06/06/2023 20:00:00,1.06918,1.06932,1.06903,1.06924,1172
06/06/2023 21:00:00,1.06929,1.06942,1.06914,1.0694,158
06/06/2023 22:00:00,1.06941,1.06952,1.06924,1.0695,566
06/06/2023 23:00:00,1.06946,1.0699,1.06924,1.06987,1027
07/06/2023 00:00:00,1.06988,1.07043,1.06973,1.07004,2511
07/06/2023 01:00:00,1.07004,1.07013,1.06928,1.06963,3605
07/06/2023 02:00:00,1.06965,1.06966,1.06888,1.06929,2580
07/06/2023 03:00:00,1.0693,1.06936,1.06894,1.0693,2419
07/06/2023 04:00:00,1.06928,1.06955,1.06892,1.06904,1466
07/06/2023 05:00:00,1.06903,1.06904,1.06834,1.06849,2437
07/06/2023 06:00:00,1.06848,1.0686,1.06729,1.06765,4684
07/06/2023 07:00:00,1.06764,1.06864,1.06682,1.06841,5249
07/06/2023 08:00:00,1.06842,1.06934,1.06792,1.0693,3913
07/06/2023 09:00:00,1.06931,1.06976,1.069,1.06962,3948
07/06/2023 10:00:00,1.06963,1.07185,1.06962,1.07149,4302
07/06/2023 11:00:00,1.07149,1.07231,1.07129,1.07155,4737
07/06/2023 12:00:00,1.07154,1.0718,1.07053,1.07161,5355
07/06/2023 13:00:00,1.0716,1.07387,1.07141,1.0737,6992
07/06/2023 14:00:00,1.07371,1.07395,1.0703,1.07078,12341
07/06/2023 15:00:00,1.07077,1.07105,1.06951,1.07012,6291
07/06/2023 16:00:00,1.07014,1.07065,1.06927,1.06932,4374
07/06/2023 17:00:00,1.06931,1.06997,1.06909,1.06987,3940
07/06/2023 18:00:00,1.06986,1.07032,1.06972,1.07023,3255
07/06/2023 19:00:00,1.07023,1.07052,1.06936,1.06937,3190
07/06/2023 20:00:00,1.06936,1.06999,1.06936,1.06988,1761
07/06/2023 21:00:00,1.06936,1.06984,1.06936,1.06974,255
07/06/2023 22:00:00,1.06977,1.07017,1.06975,1.06993,2006
07/06/2023 23:00:00,1.06994,1.07072,1.06967,1.07069,1668
08/06/2023 00:00:00,1.07071,1.071,1.07062,1.07086,2295
08/06/2023 01:00:00,1.07085,1.07101,1.07029,1.07088,3118
08/06/2023 02:00:00,1.07089,1.07114,1.07063,1.07067,2565
08/06/2023 03:00:00,1.07066,1.07108,1.07059,1.07082,2016
08/06/2023 04:00:00,1.07082,1.07136,1.07055,1.07115,1799
08/06/2023 05:00:00,1.07114,1.07175,1.0709,1.07102,2907
08/06/2023 06:00:00,1.07103,1.0719,1.07075,1.07112,4181
08/06/2023 07:00:00,1.07111,1.07132,1.07009,1.07129,5880
08/06/2023 08:00:00,1.0713,1.07299,1.07097,1.07267,4949
08/06/2023 09:00:00,1.07267,1.07338,1.07207,1.07288,4784
08/06/2023 10:00:00,1.07292,1.07331,1.07262,1.07299,3078
08/06/2023 11:00:00,1.07297,1.07393,1.07239,1.07357,3936
08/06/2023 12:00:00,1.07357,1.0759,1.07334,1.07469,9007
08/06/2023 13:00:00,1.07468,1.07691,1.0742,1.07654,9158
08/06/2023 14:00:00,1.07656,1.07759,1.07616,1.07693,8251
08/06/2023 15:00:00,1.07692,1.07834,1.07672,1.07787,5940
08/06/2023 16:00:00,1.07787,1.0787,1.0777,1.07847,4259
08/06/2023 17:00:00,1.07844,1.07858,1.07778,1.07781,3261
08/06/2023 18:00:00,1.07782,1.07824,1.07778,1.07791,2748
08/06/2023 19:00:00,1.07792,1.07799,1.07735,1.0779,2450
08/06/2023 20:00:00,1.07789,1.07831,1.07788,1.07831,1157
08/06/2023 21:00:00,1.07803,1.07838,1.07788,1.07798,303
08/06/2023 22:00:00,1.07797,1.07842,1.07793,1.0784,745
08/06/2023 23:00:00,1.07839,1.07849,1.07817,1.07818,1061
09/06/2023 00:00:00,1.07819,1.07851,1.07814,1.07819,2647
09/06/2023 01:00:00,1.07821,1.07849,1.07796,1.07807,3358
09/06/2023 02:00:00,1.07807,1.07811,1.07757,1.07768,2402
09/06/2023 03:00:00,1.07767,1.07801,1.07765,1.07778,1655
09/06/2023 04:00:00,1.07777,1.07786,1.07746,1.07752,1406
09/06/2023 05:00:00,1.07753,1.07839,1.07752,1.07778,2095
09/06/2023 06:00:00,1.07785,1.07822,1.07726,1.07787,4110
09/06/2023 07:00:00,1.07787,1.07797,1.07674,1.07755,5968
09/06/2023 08:00:00,1.07754,1.07758,1.07593,1.07633,4771
09/06/2023 09:00:00,1.07634,1.07681,1.07581,1.07583,4199
09/06/2023 10:00:00,1.07586,1.07627,1.07565,1.07611,3468
09/06/2023 11:00:00,1.07612,1.07816,1.07601,1.07732,4378
09/06/2023 12:00:00,1.07731,1.0784,1.07634,1.07669,7547
09/06/2023 13:00:00,1.07669,1.0775,1.07615,1.07708,7476
09/06/2023 14:00:00,1.07709,1.07734,1.07538,1.07566,7406
09/06/2023 15:00:00,1.07565,1.07596,1.07465,1.0748,5221
09/06/2023 16:00:00,1.07478,1.07524,1.07434,1.07482,3537
09/06/2023 17:00:00,1.07483,1.07522,1.07462,1.07485,2152
09/06/2023 18:00:00,1.07486,1.07507,1.07459,1.07496,1789
09/06/2023 19:00:00,1.07497,1.07507,1.07429,1.07441,2036
09/06/2023 20:00:00,1.07439,1.07498,1.07439,1.07489,1402
11/06/2023 21:00:00,1.07463,1.07484,1.07449,1.07449,312
11/06/2023 22:00:00,1.07486,1.07492,1.07431,1.07449,1122
11/06/2023 23:00:00,1.07449,1.07515,1.07439,1.075,1074
12/06/2023 00:00:00,1.07504,1.07504,1.07443,1.07456,1592
12/06/2023 01:00:00,1.07453,1.07459,1.07361,1.07368,3075
12/06/2023 02:00:00,1.07368,1.07387,1.07331,1.07385,2562
12/06/2023 03:00:00,1.07382,1.07415,1.07364,1.07409,1868
12/06/2023 04:00:00,1.07407,1.07444,1.0739,1.07409,1605
12/06/2023 05:00:00,1.07407,1.07505,1.07405,1.07492,2266
12/06/2023 06:00:00,1.07493,1.07535,1.07455,1.07491,3183
12/06/2023 07:00:00,1.07488,1.07724,1.07441,1.07695,5588
12/06/2023 08:00:00,1.07695,1.07839,1.07679,1.07771,5702
12/06/2023 09:00:00,1.07772,1.079,1.07745,1.07852,4568
12/06/2023 10:00:00,1.07853,1.07875,1.07676,1.07727,4997
12/06/2023 11:00:00,1.07726,1.07757,1.07614,1.07629,3944
12/06/2023 12:00:00,1.07629,1.07714,1.07606,1.07661,5280
12/06/2023 13:00:00,1.07662,1.07715,1.07431,1.0753,6887
12/06/2023 14:00:00,1.0753,1.07616,1.07451,1.07472,7135
12/06/2023 15:00:00,1.07474,1.07567,1.07446,1.0746,5139
12/06/2023 16:00:00,1.0746,1.07517,1.07439,1.07485,3139
12/06/2023 17:00:00,1.07487,1.0754,1.0745,1.07534,2971
12/06/2023 18:00:00,1.07534,1.07591,1.07504,1.07559,2353
12/06/2023 19:00:00,1.07561,1.07633,1.07561,1.076,2611
12/06/2023 20:00:00,1.07603,1.07603,1.07577,1.07579,1251
12/06/2023 21:00:00,1.07548,1.07565,1.07527,1.07562,191
12/06/2023 22:00:00,1.07568,1.07613,1.07568,1.07601,1001
12/06/2023 23:00:00,1.076,1.07642,1.07592,1.07622,1390
13/06/2023 00:00:00,1.07621,1.07667,1.07596,1.07605,2097
13/06/2023 01:00:00,1.07601,1.07683,1.07595,1.07676,3109
13/06/2023 02:00:00,1.07677,1.07755,1.07661,1.07743,2128
13/06/2023 03:00:00,1.07744,1.078,1.07741,1.0779,2497
13/06/2023 04:00:00,1.0779,1.07831,1.07761,1.07821,1638
13/06/2023 05:00:00,1.0782,1.07961,1.07813,1.07825,4233
13/06/2023 06:00:00,1.07831,1.07979,1.07814,1.07928,6290
13/06/2023 07:00:00,1.07925,1.08075,1.07925,1.07997,6913
13/06/2023 08:00:00,1.07996,1.08082,1.07941,1.08074,5107
13/06/2023 09:00:00,1.08075,1.08106,1.08007,1.08057,4756
13/06/2023 10:00:00,1.08056,1.08067,1.07952,1.07984,3724
13/06/2023 11:00:00,1.07985,1.07989,1.0792,1.07942,3800
13/06/2023 12:00:00,1.07948,1.08236,1.07805,1.08141,11721
13/06/2023 13:00:00,1.08142,1.08179,1.07921,1.07939,11388
13/06/2023 14:00:00,1.0794,1.08077,1.07782,1.08019,9869
13/06/2023 15:00:00,1.0802,1.0809,1.07861,1.07911,7070
13/06/2023 16:00:00,1.07912,1.08038,1.07901,1.08022,4521
13/06/2023 17:00:00,1.08024,1.08042,1.07868,1.07889,4054
13/06/2023 18:00:00,1.07888,1.07908,1.07829,1.079,3908
13/06/2023 19:00:00,1.079,1.07957,1.07846,1.07917,3052
13/06/2023 20:00:00,1.07917,1.07931,1.07905,1.0793,1200
13/06/2023 21:00:00,1.07924,1.07942,1.07878,1.07891,416
13/06/2023 22:00:00,1.07892,1.07921,1.07881,1.07915,1376
13/06/2023 23:00:00,1.07915,1.0792,1.07882,1.07895,827
14/06/2023 00:00:00,1.07897,1.07929,1.07856,1.07901,2558
14/06/2023 01:00:00,1.079,1.0795,1.07881,1.07938,2877
14/06/2023 02:00:00,1.07938,1.07961,1.07903,1.07958,2177
14/06/2023 03:00:00,1.07959,1.0796,1.07885,1.07898,1534
14/06/2023 04:00:00,1.079,1.07919,1.07847,1.07895,1801
14/06/2023 05:00:00,1.07894,1.07904,1.0774,1.07759,3014
14/06/2023 06:00:00,1.07763,1.07876,1.07762,1.07852,3712
14/06/2023 07:00:00,1.07854,1.07968,1.07854,1.07897,5110
14/06/2023 08:00:00,1.07896,1.08047,1.07857,1.0802,3846
14/06/2023 09:00:00,1.08019,1.08097,1.07964,1.08044,3874
14/06/2023 10:00:00,1.08044,1.08098,1.08022,1.08066,3455
14/06/2023 11:00:00,1.08067,1.08077,1.08018,1.08034,3497
14/06/2023 12:00:00,1.08033,1.08333,1.08033,1.08312,7351
14/06/2023 13:00:00,1.0831,1.08451,1.08272,1.08447,7365
14/06/2023 14:00:00,1.08447,1.08563,1.08414,1.08557,6110
14/06/2023 15:00:00,1.08554,1.08581,1.08482,1.08578,4427
14/06/2023 16:00:00,1.08577,1.0864,1.08553,1.08623,3687
14/06/2023 17:00:00,1.08625,1.08629,1.08509,1.08509,3692
14/06/2023 18:00:00,1.08511,1.08511,1.08012,1.08343,20208
14/06/2023 19:00:00,1.08342,1.0844,1.08208,1.08267,10702
14/06/2023 20:00:00,1.08262,1.08353,1.08248,1.08311,2646
14/06/2023 21:00:00,1.08291,1.08319,1.08245,1.08315,349
14/06/2023 22:00:00,1.08317,1.08352,1.0831,1.08322,992
14/06/2023 23:00:00,1.08323,1.08428,1.08318,1.08427,1806
15/06/2023 00:00:00,1.08427,1.08445,1.08371,1.08382,2220
15/06/2023 01:00:00,1.08381,1.08381,1.08102,1.08107,5134
15/06/2023 02:00:00,1.08107,1.08158,1.08083,1.08133,3713
15/06/2023 03:00:00,1.08133,1.08158,1.08107,1.08132,1790
15/06/2023 04:00:00,1.08134,1.08149,1.08099,1.08115,1803
15/06/2023 05:00:00,1.08113,1.08234,1.08057,1.08183,4194
15/06/2023 06:00:00,1.08183,1.08205,1.08038,1.08105,5395
15/06/2023 07:00:00,1.08108,1.08288,1.08058,1.08269,5816
15/06/2023 08:00:00,1.08269,1.08371,1.08244,1.08328,3985
15/06/2023 09:00:00,1.08327,1.08476,1.08312,1.08475,4673
15/06/2023 10:00:00,1.08476,1.08488,1.08344,1.08422,4106
15/06/2023 11:00:00,1.08423,1.08433,1.08177,1.08178,4458
15/06/2023 12:00:00,1.08178,1.08809,1.08145,1.08645,12776
15/06/2023 13:00:00,1.08641,1.09007,1.08584,1.08992,11939
15/06/2023 14:00:00,1.0899,1.09213,1.0899,1.09106,9169
15/06/2023 15:00:00,1.091,1.09355,1.09099,1.09327,5900
15/06/2023 16:00:00,1.09326,1.0945,1.09321,1.09435,4698
15/06/2023 17:00:00,1.09436,1.09501,1.09394,1.09429,3315
15/06/2023 18:00:00,1.09432,1.09512,1.09418,1.09503,3102
15/06/2023 19:00:00,1.09503,1.09525,1.09452,1.09477,3789
15/06/2023 20:00:00,1.09474,1.09491,1.09451,1.09454,1354
15/06/2023 21:00:00,1.0943,1.09434,1.09402,1.09411,160
15/06/2023 22:00:00,1.09442,1.09494,1.09432,1.0949,1549
15/06/2023 23:00:00,1.09491,1.09513,1.0945,1.09454,1884
16/06/2023 00:00:00,1.09457,1.09508,1.09399,1.0942,2700
16/06/2023 01:00:00,1.0942,1.09483,1.09399,1.09435,3051
16/06/2023 02:00:00,1.09437,1.09456,1.09356,1.09362,3787
16/06/2023 03:00:00,1.09363,1.09424,1.09363,1.09381,2536
16/06/2023 04:00:00,1.09383,1.0943,1.09367,1.09388,1553
16/06/2023 05:00:00,1.09387,1.0945,1.09375,1.09396,2385
16/06/2023 06:00:00,1.09397,1.09624,1.09392,1.09472,6430
16/06/2023 07:00:00,1.09477,1.09522,1.09339,1.09427,6733
16/06/2023 08:00:00,1.09426,1.09536,1.09382,1.09505,5746
16/06/2023 09:00:00,1.09504,1.09511,1.09397,1.09493,4493
16/06/2023 10:00:00,1.09493,1.09497,1.0943,1.09442,3199
16/06/2023 11:00:00,1.09444,1.09655,1.09444,1.09603,4436
16/06/2023 12:00:00,1.09608,1.09708,1.09475,1.09508,6587
16/06/2023 13:00:00,1.09509,1.09583,1.09423,1.09531,7757
16/06/2023 14:00:00,1.09532,1.0967,1.0918,1.09254,12485
16/06/2023 15:00:00,1.09252,1.09319,1.09216,1.09241,7202
16/06/2023 16:00:00,1.0924,1.0934,1.0924,1.0934,3989
16/06/2023 17:00:00,1.0934,1.09397,1.0932,1.09393,2956
16/06/2023 18:00:00,1.09392,1.09454,1.09372,1.09444,3740
16/06/2023 19:00:00,1.09444,1.09444,1.09346,1.09349,3237
16/06/2023 20:00:00,1.09353,1.09422,1.09345,1.09417,1791
18/06/2023 21:00:00,1.0933,1.09403,1.09328,1.0939,367
18/06/2023 22:00:00,1.09382,1.09433,1.0937,1.09428,1699
18/06/2023 23:00:00,1.09428,1.0943,1.09385,1.09396,1586
19/06/2023 00:00:00,1.09397,1.09462,1.09348,1.09366,2618
19/06/2023 01:00:00,1.09366,1.09405,1.09336,1.09366,3281
19/06/2023 02:00:00,1.09365,1.09408,1.09362,1.09363,1809
19/06/2023 03:00:00,1.09362,1.09379,1.09337,1.0937,2549
19/06/2023 04:00:00,1.09369,1.0937,1.09322,1.09347,1843
19/06/2023 05:00:00,1.09348,1.09414,1.09318,1.09402,2793
19/06/2023 06:00:00,1.09402,1.09402,1.09275,1.09295,4268
19/06/2023 07:00:00,1.09296,1.09375,1.09251,1.09295,5987
19/06/2023 08:00:00,1.09293,1.09388,1.0927,1.09295,4579
19/06/2023 09:00:00,1.09296,1.09296,1.09099,1.09106,4127
19/06/2023 10:00:00,1.09108,1.09189,1.09071,1.09188,3767
19/06/2023 11:00:00,1.09196,1.09273,1.09169,1.09212,3328
19/06/2023 12:00:00,1.09212,1.09294,1.09194,1.09258,3691
19/06/2023 13:00:00,1.09259,1.0926,1.09169,1.09183,4117
19/06/2023 14:00:00,1.09185,1.09259,1.09122,1.09229,4738
19/06/2023 15:00:00,1.09228,1.09288,1.09214,1.09219,3022
19/06/2023 16:00:00,1.09219,1.09262,1.09158,1.09161,2031
19/06/2023 17:00:00,1.09161,1.09193,1.09159,1.09174,562
19/06/2023 18:00:00,1.09173,1.09211,1.09162,1.09192,551
19/06/2023 19:00:00,1.09194,1.09207,1.09181,1.09184,442
19/06/2023 20:00:00,1.09183,1.09225,1.09174,1.09214,516
19/06/2023 21:00:00,1.09198,1.09215,1.09188,1.09215,190
19/06/2023 22:00:00,1.09211,1.09261,1.09206,1.09229,1141
19/06/2023 23:00:00,1.09229,1.09246,1.09189,1.09234,1046
20/06/2023 00:00:00,1.09235,1.09261,1.0917,1.09202,3084
20/06/2023 01:00:00,1.09198,1.09222,1.0911,1.09132,3780
20/06/2023 02:00:00,1.09131,1.09238,1.09106,1.09224,4286
20/06/2023 03:00:00,1.09225,1.09237,1.09188,1.09197,2272
20/06/2023 04:00:00,1.09197,1.09204,1.09128,1.09136,2264
20/06/2023 05:00:00,1.09135,1.09261,1.09117,1.09261,3484
20/06/2023 06:00:00,1.0926,1.09323,1.09195,1.09216,4984
20/06/2023 07:00:00,1.09212,1.09463,1.0915,1.09438,6829
20/06/2023 08:00:00,1.09435,1.09448,1.09317,1.09379,5291
20/06/2023 09:00:00,1.09379,1.094,1.09228,1.0925,4461
20/06/2023 10:00:00,1.0925,1.09342,1.09247,1.09282,4152
20/06/2023 11:00:00,1.0928,1.09322,1.09219,1.09287,3838
20/06/2023 12:00:00,1.09291,1.09358,1.0912,1.09193,7046
20/06/2023 13:00:00,1.09193,1.09245,1.09063,1.09165,8908
20/06/2023 14:00:00,1.09163,1.09206,1.08921,1.09014,10065
20/06/2023 15:00:00,1.09015,1.09097,1.08995,1.08995,6324
20/06/2023 16:00:00,1.08999,1.09162,1.08956,1.09151,4720
20/06/2023 17:00:00,1.0915,1.09169,1.09121,1.09153,3649
20/06/2023 18:00:00,1.09155,1.09174,1.09115,1.09171,3066
20/06/2023 19:00:00,1.09169,1.09175,1.09096,1.09125,2607
20/06/2023 20:00:00,1.09126,1.09187,1.09121,1.0918,1453
20/06/2023 21:00:00,1.09172,1.09214,1.09155,1.09166,292
20/06/2023 22:00:00,1.09164,1.09204,1.09156,1.09198,1104
20/06/2023 23:00:00,1.09197,1.09223,1.09182,1.092,1640
21/06/2023 00:00:00,1.09197,1.09201,1.09145,1.09159,2956
21/06/2023 01:00:00,1.09159,1.09168,1.09117,1.0914,3467
21/06/2023 02:00:00,1.0914,1.0921,1.09118,1.09124,3190
21/06/2023 03:00:00,1.09125,1.09162,1.09124,1.09149,2746
21/06/2023 04:00:00,1.0915,1.09194,1.0914,1.09162,2114
21/06/2023 05:00:00,1.09163,1.09175,1.09102,1.09122,3139
21/06/2023 06:00:00,1.09118,1.09168,1.09056,1.09101,7731
21/06/2023 07:00:00,1.09102,1.09198,1.0909,1.09129,6822
21/06/2023 08:00:00,1.09128,1.09338,1.09094,1.09248,6587
21/06/2023 09:00:00,1.09249,1.09298,1.09163,1.09165,4772
21/06/2023 10:00:00,1.09163,1.09258,1.09135,1.09183,4242
21/06/2023 11:00:00,1.09185,1.09267,1.09163,1.09242,4268
21/06/2023 12:00:00,1.09241,1.09257,1.09081,1.09252,7672
21/06/2023 13:00:00,1.09248,1.09309,1.09105,1.09267,8846
21/06/2023 14:00:00,1.09267,1.09641,1.09229,1.09546,10671
21/06/2023 15:00:00,1.09545,1.09562,1.09432,1.09506,7634
21/06/2023 16:00:00,1.09504,1.09738,1.09496,1.09706,4861
21/06/2023 17:00:00,1.09707,1.09793,1.09671,1.09774,4416
21/06/2023 18:00:00,1.09775,1.09901,1.09761,1.09847,3885
21/06/2023 19:00:00,1.09845,1.09894,1.09815,1.09878,2782
21/06/2023 20:00:00,1.09876,1.09909,1.09851,1.09861,1569
21/06/2023 21:00:00,1.09863,1.09863,1.09808,1.09818,582
21/06/2023 22:00:00,1.09819,1.09908,1.09819,1.09907,923
21/06/2023 23:00:00,1.09905,1.09923,1.09897,1.09916,1068
22/06/2023 00:00:00,1.09916,1.0992,1.09865,1.09883,2560
22/06/2023 01:00:00,1.09882,1.09948,1.0987,1.09936,1693
22/06/2023 02:00:00,1.09936,1.09937,1.09883,1.09932,1811
22/06/2023 03:00:00,1.09934,1.09943,1.0991,1.09928,1343
22/06/2023 04:00:00,1.09929,1.09938,1.09866,1.09872,1839
22/06/2023 05:00:00,1.09875,1.09904,1.09847,1.09858,2717
22/06/2023 06:00:00,1.09862,1.09905,1.09806,1.09827,3871
22/06/2023 07:00:00,1.09827,1.09999,1.09797,1.09944,6836
22/06/2023 08:00:00,1.09943,1.10036,1.09872,1.09929,5987
22/06/2023 09:00:00,1.09928,1.10039,1.09921,1.10018,4206
22/06/2023 10:00:00,1.10018,1.10081,1.10002,1.10044,4246
22/06/2023 11:00:00,1.10045,1.10118,1.09879,1.09894,8762
22/06/2023 12:00:00,1.0989,1.10017,1.09803,1.09824,8459
22/06/2023 13:00:00,1.09822,1.0985,1.09681,1.09814,9947
22/06/2023 14:00:00,1.09812,1.09892,1.09584,1.09591,9348
22/06/2023 15:00:00,1.0959,1.09667,1.09521,1.09526,7375
22/06/2023 16:00:00,1.09525,1.09568,1.09485,1.09545,4475
22/06/2023 17:00:00,1.09546,1.0958,1.095,1.09572,3724
22/06/2023 18:00:00,1.09576,1.09603,1.09511,1.09591,3492
22/06/2023 19:00:00,1.0959,1.09615,1.09543,1.09581,3237
22/06/2023 20:00:00,1.0958,1.09585,1.09531,1.09558,1594
22/06/2023 21:00:00,1.09555,1.09576,1.0954,1.09549,813
22/06/2023 22:00:00,1.09547,1.0956,1.09529,1.09535,1020
22/06/2023 23:00:00,1.09536,1.09575,1.09532,1.09554,1814
23/06/2023 00:00:00,1.09554,1.09583,1.09526,1.09552,3117
23/06/2023 01:00:00,1.0955,1.09563,1.09458,1.09467,3987
23/06/2023 02:00:00,1.09466,1.09466,1.09321,1.09385,3794
23/06/2023 03:00:00,1.09385,1.09404,1.09348,1.09355,2757
23/06/2023 04:00:00,1.09355,1.09369,1.09287,1.09329,3354
23/06/2023 05:00:00,1.0933,1.0934,1.09273,1.09325,4078
23/06/2023 06:00:00,1.09325,1.09333,1.09207,1.09229,5086
23/06/2023 07:00:00,1.0923,1.0926,1.08536,1.08689,12136
23/06/2023 08:00:00,1.08694,1.08744,1.08485,1.08491,8714
23/06/2023 09:00:00,1.08489,1.08622,1.08445,1.08607,6041
23/06/2023 10:00:00,1.08606,1.08722,1.08606,1.08682,4445
23/06/2023 11:00:00,1.08682,1.08792,1.08661,1.08761,4438
23/06/2023 12:00:00,1.08761,1.08955,1.08761,1.08872,7862
23/06/2023 13:00:00,1.08873,1.09024,1.08831,1.08833,10101
23/06/2023 14:00:00,1.08833,1.08986,1.08789,1.08825,9779
23/06/2023 15:00:00,1.08825,1.08924,1.08788,1.08862,6335
23/06/2023 16:00:00,1.08862,1.08897,1.08827,1.08856,4122
23/06/2023 17:00:00,1.08859,1.08962,1.08859,1.08946,3825
23/06/2023 18:00:00,1.08945,1.0895,1.08885,1.08919,2787
23/06/2023 19:00:00,1.08916,1.08943,1.08872,1.08911,2843
23/06/2023 20:00:00,1.0891,1.08963,1.08902,1.08955,1489
25/06/2023 21:00:00,1.09005,1.09009,1.08974,1.08996,354
25/06/2023 22:00:00,1.08938,1.0907,1.08936,1.09066,2457
25/06/2023 23:00:00,1.09063,1.09065,1.0903,1.09063,1862
26/06/2023 00:00:00,1.09062,1.09094,1.08988,1.09053,4618
26/06/2023 01:00:00,1.09058,1.09099,1.09017,1.09038,4830
26/06/2023 02:00:00,1.09039,1.09091,1.09033,1.09048,3686
26/06/2023 03:00:00,1.09046,1.09093,1.09038,1.0906,2298
26/06/2023 04:00:00,1.09061,1.09081,1.08998,1.09026,1885
26/06/2023 05:00:00,1.09024,1.09099,1.09022,1.09078,2877
26/06/2023 06:00:00,1.09068,1.09109,1.08977,1.09033,4852
26/06/2023 07:00:00,1.09038,1.09084,1.08955,1.09023,7196
26/06/2023 08:00:00,1.0902,1.09034,1.08873,1.08919,6697
26/06/2023 09:00:00,1.08918,1.0901,1.08907,1.08966,4129
26/06/2023 10:00:00,1.08964,1.09073,1.0894,1.09044,3926
26/06/2023 11:00:00,1.09043,1.09179,1.0903,1.09177,3765
26/06/2023 12:00:00,1.09171,1.09201,1.0914,1.09175,4314
26/06/2023 13:00:00,1.09171,1.09202,1.09078,1.09126,5891
26/06/2023 14:00:00,1.09127,1.09161,1.09026,1.09081,7332
26/06/2023 15:00:00,1.0908,1.09177,1.09054,1.09094,5035
26/06/2023 16:00:00,1.09093,1.09099,1.08999,1.09086,3694
26/06/2023 17:00:00,1.09088,1.09131,1.09064,1.09099,2580
26/06/2023 18:00:00,1.091,1.09154,1.09085,1.09148,2155
26/06/2023 19:00:00,1.09148,1.09151,1.09041,1.09062,2412
26/06/2023 20:00:00,1.09061,1.09085,1.09041,1.09052,1112
26/06/2023 21:00:00,1.09059,1.09072,1.09044,1.09058,269
26/06/2023 22:00:00,1.09058,1.0912,1.09058,1.09109,1189
26/06/2023 23:00:00,1.09109,1.09109,1.09074,1.09097,1023
27/06/2023 00:00:00,1.09097,1.09113,1.0902,1.09045,3021
27/06/2023 01:00:00,1.09045,1.09351,1.09038,1.0924,5604
27/06/2023 02:00:00,1.0924,1.09242,1.09177,1.09229,3682
27/06/2023 03:00:00,1.09229,1.09291,1.09216,1.09266,3034
27/06/2023 04:00:00,1.09263,1.09287,1.09231,1.09233,2470
27/06/2023 05:00:00,1.09232,1.09271,1.09175,1.09177,3033
27/06/2023 06:00:00,1.09175,1.09335,1.09163,1.09309,4837
27/06/2023 07:00:00,1.09314,1.09414,1.09293,1.09394,6061
27/06/2023 08:00:00,1.09388,1.09438,1.09347,1.09395,6243
27/06/2023 09:00:00,1.09395,1.09447,1.0926,1.09409,4937
27/06/2023 10:00:00,1.0941,1.09527,1.09384,1.09515,4200
27/06/2023 11:00:00,1.09517,1.09523,1.09428,1.09445,4154
27/06/2023 12:00:00,1.09444,1.0972,1.09443,1.09653,7526
27/06/2023 13:00:00,1.09655,1.09767,1.09616,1.09661,8146
27/06/2023 14:00:00,1.09659,1.09684,1.09424,1.09489,11614
27/06/2023 15:00:00,1.09488,1.0963,1.09459,1.09599,6572
27/06/2023 16:00:00,1.096,1.09656,1.09571,1.09587,3860
27/06/2023 17:00:00,1.09585,1.09638,1.0955,1.09619,3415
27/06/2023 18:00:00,1.0962,1.09625,1.09581,1.09598,2462
27/06/2023 19:00:00,1.09599,1.09639,1.09593,1.09625,2517
27/06/2023 20:00:00,1.09625,1.09632,1.09596,1.09608,1126
27/06/2023 21:00:00,1.09579,1.09614,1.09567,1.09603,222
27/06/2023 22:00:00,1.09607,1.09625,1.09563,1.09572,1120
27/06/2023 23:00:00,1.09571,1.09585,1.09547,1.09573,1849
28/06/2023 00:00:00,1.09573,1.09615,1.09527,1.09546,3769
28/06/2023 01:00:00,1.09547,1.09562,1.09462,1.09463,4944
28/06/2023 02:00:00,1.09463,1.09507,1.09422,1.09491,3116
28/06/2023 03:00:00,1.09492,1.09544,1.09486,1.0951,2135
28/06/2023 04:00:00,1.09514,1.09536,1.09464,1.09486,2275
28/06/2023 05:00:00,1.09487,1.09548,1.09468,1.09533,2546
28/06/2023 06:00:00,1.09534,1.09548,1.09359,1.09381,4508
28/06/2023 07:00:00,1.09385,1.09569,1.09384,1.09526,5615
28/06/2023 08:00:00,1.09526,1.09604,1.09455,1.09527,6387
28/06/2023 09:00:00,1.09528,1.0959,1.09443,1.09475,5272
28/06/2023 10:00:00,1.09476,1.09622,1.09454,1.09545,4390
28/06/2023 11:00:00,1.09545,1.09557,1.09376,1.09403,5080
28/06/2023 12:00:00,1.09405,1.09445,1.0926,1.09276,6716
28/06/2023 13:00:00,1.09277,1.09444,1.09237,1.09347,9922
28/06/2023 14:00:00,1.09347,1.09368,1.08967,1.08986,10874
28/06/2023 15:00:00,1.08985,1.0917,1.0898,1.09035,7507
28/06/2023 16:00:00,1.09033,1.09183,1.09031,1.09109,4126
28/06/2023 17:00:00,1.09107,1.09176,1.09099,1.09149,4190
28/06/2023 18:00:00,1.0915,1.09238,1.09149,1.09224,3550
28/06/2023 19:00:00,1.09223,1.09223,1.09138,1.0916,2648
28/06/2023 20:00:00,1.09159,1.09169,1.09111,1.09131,1462
28/06/2023 21:00:00,1.09123,1.09137,1.09103,1.0913,117
28/06/2023 22:00:00,1.09136,1.09152,1.09131,1.09138,723
28/06/2023 23:00:00,1.09139,1.09187,1.09139,1.09151,1206
29/06/2023 00:00:00,1.09152,1.09161,1.09012,1.09068,3034
29/06/2023 01:00:00,1.09069,1.09145,1.09058,1.09061,4502
29/06/2023 02:00:00,1.09063,1.09064,1.08931,1.08935,3546
29/06/2023 03:00:00,1.08934,1.08957,1.08905,1.08929,2478
29/06/2023 04:00:00,1.08929,1.08932,1.08806,1.08853,2500
29/06/2023 05:00:00,1.08854,1.08946,1.08839,1.0894,4507
29/06/2023 06:00:00,1.08939,1.09001,1.08897,1.08974,5322
29/06/2023 07:00:00,1.08982,1.09207,1.08982,1.09166,7506
29/06/2023 08:00:00,1.09164,1.09219,1.09105,1.09144,5632
29/06/2023 09:00:00,1.09143,1.09193,1.09115,1.09167,3729
29/06/2023 10:00:00,1.09167,1.09278,1.09163,1.09276,3987
29/06/2023 11:00:00,1.09276,1.09398,1.09258,1.09387,3703
29/06/2023 12:00:00,1.09386,1.09414,1.08732,1.08807,10377
29/06/2023 13:00:00,1.08811,1.08852,1.08602,1.08689,10987
29/06/2023 14:00:00,1.08689,1.08939,1.08689,1.08896,11099
29/06/2023 15:00:00,1.08895,1.08964,1.08788,1.08804,7250
29/06/2023 16:00:00,1.08804,1.08836,1.08686,1.08706,4332
29/06/2023 17:00:00,1.08707,1.0875,1.08683,1.08724,3106
29/06/2023 18:00:00,1.08724,1.08727,1.08656,1.0867,3131
29/06/2023 19:00:00,1.0867,1.0872,1.08666,1.08692,2869
29/06/2023 20:00:00,1.08691,1.08695,1.08636,1.08641,1517
29/06/2023 21:00:00,1.08638,1.08654,1.08626,1.08637,108
29/06/2023 22:00:00,1.08636,1.08669,1.08622,1.08654,1276
29/06/2023 23:00:00,1.08655,1.0868,1.08645,1.08674,1148
30/06/2023 00:00:00,1.08674,1.08738,1.08634,1.0872,3071
30/06/2023 01:00:00,1.08721,1.08753,1.08602,1.08615,4223
30/06/2023 02:00:00,1.08614,1.08713,1.08611,1.08665,3454
30/06/2023 03:00:00,1.08664,1.0875,1.08659,1.08713,2725
30/06/2023 04:00:00,1.08713,1.08737,1.08681,1.08698,1944
30/06/2023 05:00:00,1.08699,1.08755,1.08669,1.08698,3082
30/06/2023 06:00:00,1.08696,1.08698,1.08568,1.0864,5139
30/06/2023 07:00:00,1.08634,1.08693,1.08533,1.08565,6136
30/06/2023 08:00:00,1.08566,1.08567,1.08353,1.08389,6019
30/06/2023 09:00:00,1.0837,1.08493,1.08356,1.08456,4782
30/06/2023 10:00:00,1.08457,1.08538,1.0841,1.08533,3911
30/06/2023 11:00:00,1.08532,1.08593,1.0849,1.08536,4080
30/06/2023 12:00:00,1.0854,1.08977,1.08531,1.08969,9644
30/06/2023 13:00:00,1.08968,1.09168,1.08962,1.09143,10463
30/06/2023 14:00:00,1.09142,1.09318,1.09086,1.09104,11918
30/06/2023 15:00:00,1.09103,1.09192,1.09065,1.0919,7263
30/06/2023 16:00:00,1.09193,1.09225,1.09121,1.09183,4927
30/06/2023 17:00:00,1.09185,1.0923,1.09098,1.09117,3675
30/06/2023 18:00:00,1.09118,1.09159,1.09104,1.09109,3115
30/06/2023 19:00:00,1.09113,1.09146,1.09092,1.09129,3401
30/06/2023 20:00:00,1.09131,1.09131,1.09079,1.09098,2103
02/07/2023 21:00:00,1.09098,1.0911,1.09063,1.0907,92
02/07/2023 22:00:00,1.09075,1.0913,1.09075,1.09101,1128
02/07/2023 23:00:00,1.09101,1.09103,1.09065,1.09071,1127
03/07/2023 00:00:00,1.09073,1.09097,1.09005,1.09015,3022
03/07/2023 01:00:00,1.09014,1.09178,1.09012,1.0909,3960
03/07/2023 02:00:00,1.0909,1.09105,1.09064,1.09074,2800
03/07/2023 03:00:00,1.09075,1.09137,1.09064,1.09127,2123
03/07/2023 04:00:00,1.09127,1.09182,1.09125,1.09175,1506
03/07/2023 05:00:00,1.09175,1.09181,1.0903,1.09033,2846
03/07/2023 06:00:00,1.09035,1.09067,1.08881,1.08902,5769
03/07/2023 07:00:00,1.08902,1.08908,1.08703,1.08753,6732
03/07/2023 08:00:00,1.08753,1.08891,1.08732,1.08864,5185
03/07/2023 09:00:00,1.08863,1.08917,1.08761,1.08901,4859
03/07/2023 10:00:00,1.089,1.08962,1.08815,1.08921,4124
03/07/2023 11:00:00,1.08921,1.09047,1.08872,1.08993,5200
03/07/2023 12:00:00,1.0899,1.09104,1.08938,1.09088,5324
03/07/2023 13:00:00,1.09088,1.09204,1.09044,1.09127,6965
03/07/2023 14:00:00,1.09132,1.09337,1.09026,1.09067,10381
03/07/2023 15:00:00,1.09068,1.09229,1.09019,1.09181,6094
03/07/2023 16:00:00,1.0918,1.09212,1.09137,1.09156,3685
03/07/2023 17:00:00,1.09159,1.09164,1.09084,1.09084,1361
03/07/2023 18:00:00,1.09084,1.09127,1.09084,1.09118,1056
03/07/2023 19:00:00,1.09118,1.09118,1.09093,1.09093,933
03/07/2023 20:00:00,1.09094,1.09144,1.09089,1.0913,653
03/07/2023 21:00:00,1.09104,1.09133,1.09087,1.09104,72
03/07/2023 22:00:00,1.09105,1.09154,1.09105,1.09125,615
03/07/2023 23:00:00,1.0913,1.0915,1.09122,1.09127,704
04/07/2023 00:00:00,1.09128,1.09136,1.09086,1.09098,1839
04/07/2023 01:00:00,1.09099,1.09163,1.09082,1.09107,2321
04/07/2023 02:00:00,1.09107,1.09113,1.09024,1.09057,1666
04/07/2023 03:00:00,1.09056,1.09092,1.09041,1.09045,1357
04/07/2023 04:00:00,1.09044,1.09054,1.09006,1.09007,2487
04/07/2023 05:00:00,1.09003,1.09011,1.08939,1.08954,2146
04/07/2023 06:00:00,1.08957,1.09148,1.08952,1.09148,3813
04/07/2023 07:00:00,1.09148,1.09148,1.08962,1.09028,4887
04/07/2023 08:00:00,1.09027,1.09046,1.08921,1.08954,4022
04/07/2023 09:00:00,1.08955,1.09031,1.08945,1.08984,3717
04/07/2023 10:00:00,1.08983,1.09038,1.08954,1.0896,3282
04/07/2023 11:00:00,1.08961,1.09021,1.08896,1.08982,3179
04/07/2023 12:00:00,1.08982,1.09012,1.08936,1.09007,3270
04/07/2023 13:00:00,1.09007,1.09012,1.0896,1.08999,3522
04/07/2023 14:00:00,1.08999,1.09075,1.08982,1.09018,3640
04/07/2023 15:00:00,1.09016,1.09026,1.08965,1.09011,2578
04/07/2023 16:00:00,1.0901,1.09012,1.08919,1.08943,2008
04/07/2023 17:00:00,1.08944,1.08973,1.08933,1.08938,740
04/07/2023 18:00:00,1.08939,1.08961,1.08867,1.08873,714
04/07/2023 19:00:00,1.08874,1.08877,1.08809,1.08833,1168
04/07/2023 20:00:00,1.08833,1.08836,1.08767,1.08791,1033
04/07/2023 21:00:00,1.08811,1.08813,1.08781,1.08788,443
04/07/2023 22:00:00,1.08788,1.08817,1.08773,1.08805,1133
04/07/2023 23:00:00,1.08806,1.08832,1.08795,1.08824,1353
05/07/2023 00:00:00,1.08824,1.08908,1.08824,1.08867,2243
05/07/2023 01:00:00,1.08866,1.08872,1.08763,1.0877,3166
05/07/2023 02:00:00,1.08769,1.08783,1.08749,1.08781,2162
05/07/2023 03:00:00,1.08782,1.08793,1.08752,1.08773,1727
05/07/2023 04:00:00,1.08774,1.08775,1.08751,1.08757,1052
05/07/2023 05:00:00,1.08756,1.0884,1.08677,1.08813,2619
05/07/2023 06:00:00,1.08815,1.08889,1.08713,1.08825,4762
05/07/2023 07:00:00,1.08827,1.0908,1.08824,1.08867,7532
05/07/2023 08:00:00,1.08865,1.08943,1.08664,1.08879,7702
05/07/2023 09:00:00,1.08878,1.08957,1.08754,1.08941,5341
05/07/2023 10:00:00,1.08941,1.08948,1.08774,1.08781,4212
05/07/2023 11:00:00,1.0878,1.08823,1.08754,1.08791,4230
05/07/2023 12:00:00,1.0879,1.0902,1.08756,1.08942,6327
05/07/2023 13:00:00,1.08942,1.09014,1.08857,1.08915,7408
05/07/2023 14:00:00,1.08914,1.0895,1.0867,1.08736,9400
05/07/2023 15:00:00,1.08738,1.08771,1.08648,1.08672,5950
05/07/2023 16:00:00,1.08672,1.08672,1.08591,1.08608,4014
05/07/2023 17:00:00,1.08607,1.08639,1.08581,1.08598,2945
05/07/2023 18:00:00,1.08599,1.08655,1.0851,1.08534,4673
05/07/2023 19:00:00,1.08535,1.08567,1.08524,1.08551,2955
05/07/2023 20:00:00,1.08549,1.08557,1.0853,1.08538,1580
05/07/2023 21:00:00,1.08537,1.08565,1.0852,1.08557,537
05/07/2023 22:00:00,1.08554,1.08572,1.08529,1.08531,842
05/07/2023 23:00:00,1.0853,1.08564,1.08521,1.08553,954
06/07/2023 00:00:00,1.08558,1.08561,1.08463,1.08489,2852
06/07/2023 01:00:00,1.08486,1.08506,1.08428,1.085,3581
06/07/2023 02:00:00,1.08505,1.08535,1.0846,1.08471,3139
06/07/2023 03:00:00,1.0847,1.08471,1.08399,1.08402,2493
06/07/2023 04:00:00,1.08399,1.08437,1.08337,1.08433,3386
06/07/2023 05:00:00,1.08432,1.08564,1.08416,1.08553,3675
06/07/2023 06:00:00,1.0855,1.08692,1.0853,1.08673,6075
06/07/2023 07:00:00,1.08672,1.08749,1.08522,1.08557,7608
06/07/2023 08:00:00,1.08556,1.08657,1.08454,1.0864,6822
06/07/2023 09:00:00,1.0864,1.08687,1.08601,1.08617,5155
06/07/2023 10:00:00,1.08616,1.08899,1.08613,1.08867,6785
06/07/2023 11:00:00,1.08866,1.08977,1.08833,1.08952,5884
06/07/2023 12:00:00,1.0895,1.09006,1.08584,1.08738,14505
06/07/2023 13:00:00,1.08743,1.08878,1.08672,1.08832,11521
06/07/2023 14:00:00,1.08745,1.08787,1.08337,1.08681,13772
06/07/2023 15:00:00,1.08681,1.08781,1.08582,1.08725,8541
06/07/2023 16:00:00,1.08725,1.08859,1.08707,1.08725,5650
06/07/2023 17:00:00,1.08727,1.08821,1.08723,1.08819,3742
06/07/2023 18:00:00,1.0882,1.08856,1.08773,1.08807,3505
06/07/2023 19:00:00,1.08807,1.08888,1.08807,1.08883,2930
06/07/2023 20:00:00,1.08881,1.08924,1.08852,1.08921,1697
06/07/2023 21:00:00,1.08875,1.0889,1.08858,1.08889,208
06/07/2023 22:00:00,1.0889,1.08913,1.0889,1.08913,943
06/07/2023 23:00:00,1.08913,1.08949,1.08895,1.08896,1396
07/07/2023 00:00:00,1.08897,1.08911,1.08823,1.08851,3194
07/07/2023 01:00:00,1.0885,1.08912,1.08847,1.0887,3378
07/07/2023 02:00:00,1.08869,1.08885,1.08833,1.0886,2941
07/07/2023 03:00:00,1.0886,1.08915,1.08858,1.08878,2216
07/07/2023 04:00:00,1.08877,1.08951,1.08856,1.08911,1646
07/07/2023 05:00:00,1.08915,1.08962,1.08865,1.08873,3009
07/07/2023 06:00:00,1.08875,1.09002,1.08812,1.0883,5248
07/07/2023 07:00:00,1.08829,1.0891,1.08716,1.0876,7668
07/07/2023 08:00:00,1.08759,1.08808,1.0867,1.08779,6166
07/07/2023 09:00:00,1.08778,1.08888,1.08698,1.08805,6125
07/07/2023 10:00:00,1.08805,1.08965,1.08778,1.08923,4269
07/07/2023 11:00:00,1.08924,1.08968,1.08875,1.08876,4393
07/07/2023 12:00:00,1.08875,1.09315,1.08747,1.09119,13183
07/07/2023 13:00:00,1.09115,1.09248,1.08952,1.09165,14284
07/07/2023 14:00:00,1.09163,1.09541,1.09096,1.09489,11029
07/07/2023 15:00:00,1.09487,1.09633,1.09446,1.09628,7391
07/07/2023 16:00:00,1.0963,1.09727,1.09629,1.09718,5206
07/07/2023 17:00:00,1.09717,1.09732,1.09663,1.09673,3478
07/07/2023 18:00:00,1.09674,1.09703,1.09657,1.09674,2961
07/07/2023 19:00:00,1.09673,1.09696,1.09632,1.09667,3414
07/07/2023 20:00:00,1.09668,1.09693,1.09649,1.09678,1756
09/07/2023 21:00:00,1.09575,1.09668,1.09567,1.09637,219
09/07/2023 22:00:00,1.09638,1.09695,1.09638,1.09663,1742
09/07/2023 23:00:00,1.09659,1.09681,1.09622,1.09669,1340
10/07/2023 00:00:00,1.0967,1.09689,1.09568,1.09641,3375
10/07/2023 01:00:00,1.09642,1.09694,1.09571,1.09603,4943
10/07/2023 02:00:00,1.09603,1.09633,1.09564,1.09604,3731
10/07/2023 03:00:00,1.09605,1.09622,1.09529,1.09559,2977
10/07/2023 04:00:00,1.09558,1.0958,1.09526,1.0953,2441
10/07/2023 05:00:00,1.09531,1.09562,1.09461,1.09462,3522
10/07/2023 06:00:00,1.09461,1.09548,1.0945,1.09504,5445
10/07/2023 07:00:00,1.09506,1.09654,1.09484,1.09545,5831
10/07/2023 08:00:00,1.09545,1.09656,1.09528,1.09648,4736
10/07/2023 09:00:00,1.09646,1.0973,1.09609,1.09618,5029
10/07/2023 10:00:00,1.09619,1.09651,1.09546,1.09593,4012
10/07/2023 11:00:00,1.09593,1.09621,1.09533,1.09539,4337
10/07/2023 12:00:00,1.09543,1.0958,1.09435,1.09469,6426
10/07/2023 13:00:00,1.09471,1.09713,1.09471,1.09668,8803
10/07/2023 14:00:00,1.09669,1.09803,1.09664,1.09746,8235
10/07/2023 15:00:00,1.09747,1.09927,1.09747,1.099,6466
10/07/2023 16:00:00,1.09899,1.09911,1.09824,1.09893,4009
10/07/2023 17:00:00,1.09892,1.09966,1.09874,1.09952,3613
10/07/2023 18:00:00,1.09952,1.09994,1.09913,1.09992,3155
10/07/2023 19:00:00,1.0999,1.10003,1.09963,1.0998,2884
10/07/2023 20:00:00,1.09982,1.10014,1.09969,1.1001,1439
10/07/2023 21:00:00,1.10004,1.10011,1.0993,1.09995,274
10/07/2023 22:00:00,1.09995,1.10028,1.09992,1.10013,1191
10/07/2023 23:00:00,1.10015,1.10059,1.10013,1.10053,1159
11/07/2023 00:00:00,1.10055,1.10087,1.10015,1.10067,3284
11/07/2023 01:00:00,1.10067,1.1013,1.10057,1.10095,3642
11/07/2023 02:00:00,1.10094,1.102,1.10063,1.10188,3945
11/07/2023 03:00:00,1.10187,1.10192,1.1012,1.10174,3613
11/07/2023 04:00:00,1.10174,1.102,1.10151,1.10198,2950
11/07/2023 05:00:00,1.10198,1.10222,1.10059,1.10069,4221
11/07/2023 06:00:00,1.10074,1.1027,1.10074,1.10214,6573
11/07/2023 07:00:00,1.10213,1.10229,1.10074,1.10081,7490
11/07/2023 08:00:00,1.1008,1.10155,1.10021,1.10024,5334
11/07/2023 09:00:00,1.10026,1.10084,1.09972,1.10063,5899
11/07/2023 10:00:00,1.10063,1.10127,1.10038,1.10059,4304
11/07/2023 11:00:00,1.10059,1.10064,1.0983,1.09839,4532
11/07/2023 12:00:00,1.09838,1.09902,1.0977,1.09819,6468
11/07/2023 13:00:00,1.09818,1.09937,1.09794,1.09871,7791
11/07/2023 14:00:00,1.0987,1.09932,1.09783,1.09898,7159
11/07/2023 15:00:00,1.099,1.09947,1.09862,1.09917,5161
11/07/2023 16:00:00,1.09916,1.10031,1.0991,1.10025,3513
11/07/2023 17:00:00,1.10025,1.10092,1.10022,1.10067,3010
11/07/2023 18:00:00,1.10066,1.10076,1.09975,1.09991,2749
11/07/2023 19:00:00,1.09994,1.10073,1.09991,1.10059,2820
11/07/2023 20:00:00,1.10062,1.10086,1.10049,1.10082,1379
11/07/2023 21:00:00,1.10033,1.10085,1.10033,1.10064,574
11/07/2023 22:00:00,1.10063,1.10121,1.10063,1.1012,1032
11/07/2023 23:00:00,1.10122,1.10143,1.10112,1.10137,1343
12/07/2023 00:00:00,1.10137,1.10215,1.1012,1.10187,4766
12/07/2023 01:00:00,1.10187,1.10317,1.10185,1.1027,5091
12/07/2023 02:00:00,1.10272,1.10337,1.10253,1.10311,4639
12/07/2023 03:00:00,1.10312,1.10314,1.10266,1.10296,3236
12/07/2023 04:00:00,1.10297,1.10368,1.10292,1.10362,2931
12/07/2023 05:00:00,1.10362,1.10363,1.10254,1.10261,3991
12/07/2023 06:00:00,1.10266,1.10354,1.10205,1.10228,4825
12/07/2023 07:00:00,1.10227,1.10298,1.10218,1.10273,5911
12/07/2023 08:00:00,1.10273,1.10305,1.10215,1.10222,4806
12/07/2023 09:00:00,1.10219,1.10279,1.10182,1.10247,4163
12/07/2023 10:00:00,1.10248,1.10253,1.10185,1.10221,3511
12/07/2023 11:00:00,1.1022,1.10247,1.10136,1.10149,4817
12/07/2023 12:00:00,1.10153,1.10717,1.1015,1.10582,13329
12/07/2023 13:00:00,1.10583,1.11004,1.10564,1.10979,13893
12/07/2023 14:00:00,1.10978,1.11234,1.10888,1.11203,11767
12/07/2023 15:00:00,1.11203,1.11253,1.11105,1.11221,7889
12/07/2023 16:00:00,1.1122,1.11334,1.11202,1.1132,6431
12/07/2023 17:00:00,1.11317,1.11326,1.11244,1.11297,4106
12/07/2023 18:00:00,1.11299,1.114,1.11279,1.11383,3895
12/07/2023 19:00:00,1.1138,1.11404,1.11334,1.11371,3236
12/07/2023 20:00:00,1.11369,1.1138,1.11307,1.11317,1928
12/07/2023 21:00:00,1.11285,1.11334,1.11271,1.11285,610
12/07/2023 22:00:00,1.11294,1.11369,1.11283,1.11354,1493
12/07/2023 23:00:00,1.11352,1.11407,1.11342,1.11406,1760
13/07/2023 00:00:00,1.11406,1.1145,1.11376,1.11382,3572
13/07/2023 01:00:00,1.11382,1.11456,1.11364,1.11449,4215
13/07/2023 02:00:00,1.11451,1.11476,1.11392,1.11461,3732
13/07/2023 03:00:00,1.11461,1.11488,1.11423,1.11457,3036
13/07/2023 04:00:00,1.11456,1.11485,1.11406,1.11409,2563
13/07/2023 05:00:00,1.11408,1.11432,1.11298,1.11309,4759
13/07/2023 06:00:00,1.11309,1.11501,1.11307,1.11483,7175
13/07/2023 07:00:00,1.11483,1.11577,1.11362,1.11553,7758
13/07/2023 08:00:00,1.11549,1.117,1.11503,1.11608,6957
13/07/2023 09:00:00,1.11607,1.11746,1.1155,1.11727,5663
13/07/2023 10:00:00,1.11728,1.11736,1.11595,1.11714,4916
13/07/2023 11:00:00,1.11715,1.11779,1.11685,1.11744,4539
13/07/2023 12:00:00,1.11744,1.11896,1.11616,1.11796,11868
13/07/2023 13:00:00,1.11797,1.11949,1.11763,1.11942,10671
13/07/2023 14:00:00,1.11944,1.11961,1.11806,1.11959,8848
13/07/2023 15:00:00,1.11958,1.11966,1.11858,1.11928,6313
13/07/2023 16:00:00,1.11928,1.12088,1.11917,1.12058,4891
13/07/2023 17:00:00,1.12058,1.12185,1.12023,1.12157,4239
13/07/2023 18:00:00,1.12154,1.12227,1.12131,1.12224,3805
13/07/2023 19:00:00,1.12224,1.12271,1.12193,1.12263,3867
13/07/2023 20:00:00,1.12262,1.12279,1.12241,1.12261,1646
13/07/2023 21:00:00,1.12177,1.12254,1.12177,1.12241,1057
13/07/2023 22:00:00,1.12243,1.12298,1.12228,1.12245,1679
13/07/2023 23:00:00,1.12246,1.1228,1.12216,1.12232,2274
14/07/2023 00:00:00,1.12234,1.12248,1.12134,1.12228,5336
14/07/2023 01:00:00,1.12226,1.12336,1.12221,1.1233,5672
14/07/2023 02:00:00,1.12328,1.12385,1.12313,1.12353,3975
14/07/2023 03:00:00,1.12353,1.1243,1.12336,1.12413,3501
14/07/2023 04:00:00,1.12409,1.12409,1.12326,1.1233,3228
14/07/2023 05:00:00,1.12331,1.12351,1.12183,1.12192,4633
14/07/2023 06:00:00,1.12196,1.12256,1.12055,1.12101,6621
14/07/2023 07:00:00,1.12101,1.12217,1.12041,1.12217,6549
14/07/2023 08:00:00,1.12219,1.1236,1.12212,1.12311,5444
14/07/2023 09:00:00,1.12312,1.12449,1.1226,1.12267,5244
14/07/2023 10:00:00,1.12267,1.12267,1.12153,1.12202,5020
14/07/2023 11:00:00,1.12203,1.12343,1.12191,1.12242,4767
14/07/2023 12:00:00,1.12243,1.12272,1.12102,1.12258,7979
14/07/2023 13:00:00,1.12257,1.12439,1.12176,1.12395,8295
14/07/2023 14:00:00,1.12399,1.12444,1.12152,1.12417,14534
14/07/2023 15:00:00,1.12418,1.12442,1.12349,1.12356,6294
14/07/2023 16:00:00,1.12356,1.12431,1.1233,1.12394,4551
14/07/2023 17:00:00,1.12396,1.12396,1.12264,1.12341,3804
14/07/2023 18:00:00,1.1234,1.12366,1.12315,1.1234,3347
14/07/2023 19:00:00,1.1234,1.1234,1.12258,1.1226,3350
14/07/2023 20:00:00,1.12259,1.12293,1.12244,1.12254,1804
16/07/2023 21:00:00,1.12237,1.1231,1.12237,1.12291,190
16/07/2023 22:00:00,1.12303,1.12315,1.12246,1.12255,1609
16/07/2023 23:00:00,1.12256,1.12293,1.12233,1.12273,2143
17/07/2023 00:00:00,1.12272,1.12296,1.12231,1.12246,2636
17/07/2023 01:00:00,1.12248,1.12273,1.12173,1.12178,3812
17/07/2023 02:00:00,1.12169,1.1228,1.12146,1.12264,3278
17/07/2023 03:00:00,1.12265,1.12284,1.12244,1.12263,2418
17/07/2023 04:00:00,1.12265,1.12275,1.12223,1.12269,1782
17/07/2023 05:00:00,1.12268,1.12346,1.12221,1.12325,3142
17/07/2023 06:00:00,1.12325,1.12402,1.12225,1.12333,4897
17/07/2023 07:00:00,1.12336,1.12451,1.12296,1.12447,5832
17/07/2023 08:00:00,1.12446,1.12489,1.12363,1.12379,5355
17/07/2023 09:00:00,1.12379,1.12447,1.12348,1.12434,5177
17/07/2023 10:00:00,1.12434,1.12434,1.12307,1.12314,3919
17/07/2023 11:00:00,1.12313,1.12377,1.12291,1.1234,3816
17/07/2023 12:00:00,1.1234,1.12371,1.12207,1.12353,8519
17/07/2023 13:00:00,1.12354,1.12358,1.12033,1.12213,8338
17/07/2023 14:00:00,1.12217,1.12333,1.12177,1.12317,6306
17/07/2023 15:00:00,1.12322,1.12379,1.12254,1.12349,4394
17/07/2023 16:00:00,1.12349,1.12383,1.12301,1.12329,2549
17/07/2023 17:00:00,1.12328,1.12444,1.1232,1.12404,3437
17/07/2023 18:00:00,1.12405,1.12441,1.12393,1.12432,2428
17/07/2023 19:00:00,1.12432,1.12461,1.12414,1.12437,2343
17/07/2023 20:00:00,1.12438,1.12438,1.12366,1.12379,1838
17/07/2023 21:00:00,1.12332,1.12389,1.12332,1.12365,532
17/07/2023 22:00:00,1.1238,1.12403,1.12363,1.12395,1111
17/07/2023 23:00:00,1.12396,1.12402,1.12368,1.12373,1524
18/07/2023 00:00:00,1.12374,1.12465,1.12345,1.12417,3625
18/07/2023 01:00:00,1.12422,1.1256,1.12388,1.12453,6043
18/07/2023 02:00:00,1.12456,1.12488,1.12435,1.12477,4176
18/07/2023 03:00:00,1.12477,1.12548,1.12445,1.12539,3014
18/07/2023 04:00:00,1.12538,1.12562,1.12504,1.12518,2787
18/07/2023 05:00:00,1.12518,1.1264,1.12493,1.125,3426
18/07/2023 06:00:00,1.12501,1.12572,1.12405,1.12561,5582
18/07/2023 07:00:00,1.12561,1.12757,1.12431,1.12537,8695
18/07/2023 08:00:00,1.12538,1.12559,1.12281,1.12371,7170
18/07/2023 09:00:00,1.12373,1.12494,1.12369,1.12488,5166
18/07/2023 10:00:00,1.1249,1.126,1.12469,1.12573,4855
18/07/2023 11:00:00,1.12574,1.1258,1.12417,1.12533,5419
18/07/2023 12:00:00,1.12534,1.12698,1.1223,1.12397,12432
18/07/2023 13:00:00,1.12399,1.12458,1.12167,1.12268,13315
18/07/2023 14:00:00,1.12264,1.12399,1.1225,1.12367,11804
18/07/2023 15:00:00,1.12369,1.12454,1.12212,1.12225,7090
18/07/2023 16:00:00,1.12226,1.12285,1.12087,1.12146,4226
18/07/2023 17:00:00,1.12146,1.1221,1.12092,1.12187,3235
18/07/2023 18:00:00,1.12183,1.1231,1.12137,1.1229,3612
18/07/2023 19:00:00,1.12289,1.12307,1.12242,1.12301,3993
18/07/2023 20:00:00,1.12302,1.12316,1.12269,1.12277,1956
18/07/2023 21:00:00,1.12268,1.12298,1.12261,1.12285,470
18/07/2023 22:00:00,1.12282,1.12327,1.12279,1.12315,1242
18/07/2023 23:00:00,1.12316,1.12319,1.12251,1.1228,1922
19/07/2023 00:00:00,1.12281,1.12328,1.1227,1.12296,3397
19/07/2023 01:00:00,1.12297,1.12312,1.12216,1.1225,4993
19/07/2023 02:00:00,1.1225,1.12255,1.12162,1.12216,4330
19/07/2023 03:00:00,1.12216,1.12267,1.12201,1.12262,2942
19/07/2023 04:00:00,1.12263,1.12265,1.12197,1.12215,2592
19/07/2023 05:00:00,1.12216,1.12357,1.12202,1.1235,3945
19/07/2023 06:00:00,1.12354,1.12356,1.1196,1.12131,10422
19/07/2023 07:00:00,1.12129,1.12371,1.12125,1.12269,8782
19/07/2023 08:00:00,1.12267,1.12325,1.12199,1.12323,6540
19/07/2023 09:00:00,1.12325,1.124,1.12255,1.12295,5616
19/07/2023 10:00:00,1.12293,1.12293,1.12158,1.1216,4997
19/07/2023 11:00:00,1.12159,1.12203,1.12099,1.12132,5140
19/07/2023 12:00:00,1.12131,1.12239,1.12088,1.12172,7967
19/07/2023 13:00:00,1.12172,1.12245,1.12132,1.12135,8487
19/07/2023 14:00:00,1.12134,1.12143,1.11743,1.11906,10358
19/07/2023 15:00:00,1.11907,1.11993,1.11895,1.11939,7537
19/07/2023 16:00:00,1.1194,1.11951,1.11802,1.11921,5324
19/07/2023 17:00:00,1.11922,1.11996,1.11902,1.11991,4603
19/07/2023 18:00:00,1.11992,1.12022,1.11951,1.12018,3221
19/07/2023 19:00:00,1.12018,1.12051,1.11984,1.12038,3720
19/07/2023 20:00:00,1.12038,1.12047,1.12004,1.12025,1546
19/07/2023 21:00:00,1.11987,1.12032,1.11946,1.11997,1094
19/07/2023 22:00:00,1.11998,1.1204,1.11992,1.12036,1644
19/07/2023 23:00:00,1.12036,1.12051,1.12023,1.12049,1240
20/07/2023 00:00:00,1.1205,1.12202,1.12039,1.12183,4118
20/07/2023 01:00:00,1.12181,1.12286,1.12156,1.12257,6591
20/07/2023 02:00:00,1.12259,1.12291,1.12211,1.1225,4323
20/07/2023 03:00:00,1.12252,1.12272,1.12185,1.12258,3750
20/07/2023 04:00:00,1.12258,1.12268,1.12201,1.12212,2274
20/07/2023 05:00:00,1.12214,1.12232,1.12133,1.12169,4239
20/07/2023 06:00:00,1.12167,1.12182,1.12056,1.12107,5250
20/07/2023 07:00:00,1.12107,1.12209,1.1198,1.12054,7443
20/07/2023 08:00:00,1.12055,1.12135,1.1201,1.12084,6001
20/07/2023 09:00:00,1.12078,1.12143,1.1205,1.1212,4673
20/07/2023 10:00:00,1.1212,1.12167,1.12015,1.1204,4601
20/07/2023 11:00:00,1.1204,1.12127,1.11988,1.12069,5032
20/07/2023 12:00:00,1.12065,1.12066,1.11771,1.11826,10881
20/07/2023 13:00:00,1.11825,1.11879,1.11721,1.11832,8977
20/07/2023 14:00:00,1.11831,1.11887,1.11406,1.11469,11416
20/07/2023 15:00:00,1.1147,1.11525,1.1132,1.11348,6232
20/07/2023 16:00:00,1.11349,1.11386,1.11184,1.11241,5357
20/07/2023 17:00:00,1.11245,1.11347,1.11219,1.11302,4325
20/07/2023 18:00:00,1.11302,1.11307,1.11234,1.11263,3165
20/07/2023 19:00:00,1.11263,1.11334,1.11263,1.11318,3097
20/07/2023 20:00:00,1.11319,1.11323,1.11283,1.11293,1315
20/07/2023 21:00:00,1.11319,1.11348,1.11295,1.11346,1621
20/07/2023 22:00:00,1.11331,1.11368,1.11309,1.1135,1250
20/07/2023 23:00:00,1.11351,1.1138,1.11334,1.11345,1412
21/07/2023 00:00:00,1.11344,1.11381,1.11298,1.11375,3690
21/07/2023 01:00:00,1.11375,1.11405,1.11309,1.11391,5727
21/07/2023 02:00:00,1.11392,1.11417,1.1136,1.11395,3550
21/07/2023 03:00:00,1.11395,1.11406,1.11346,1.11361,2589
21/07/2023 04:00:00,1.11362,1.11398,1.11344,1.11395,2113
21/07/2023 05:00:00,1.11396,1.11437,1.11338,1.1143,3204
21/07/2023 06:00:00,1.11428,1.1145,1.11353,1.11429,5571
21/07/2023 07:00:00,1.11428,1.11447,1.11249,1.1128,8362
21/07/2023 08:00:00,1.11279,1.11377,1.11213,1.11282,7840
21/07/2023 09:00:00,1.11282,1.11322,1.11224,1.11279,6332
21/07/2023 10:00:00,1.11278,1.1129,1.11201,1.11255,4290
21/07/2023 11:00:00,1.11254,1.11313,1.11174,1.11182,4767
21/07/2023 12:00:00,1.11182,1.11343,1.11182,1.11282,7479
21/07/2023 13:00:00,1.11281,1.1138,1.11115,1.11186,8963
21/07/2023 14:00:00,1.11182,1.11183,1.11078,1.11132,7488
21/07/2023 15:00:00,1.11135,1.1126,1.11121,1.11195,5428
21/07/2023 16:00:00,1.11196,1.11254,1.11155,1.11233,3545
21/07/2023 17:00:00,1.11233,1.1129,1.11227,1.11259,2652
21/07/2023 18:00:00,1.11258,1.11302,1.11241,1.11248,3137
21/07/2023 19:00:00,1.11249,1.11254,1.11191,1.11254,2301
21/07/2023 20:00:00,1.11257,1.11291,1.11244,1.11252,1706
23/07/2023 21:00:00,1.11213,1.11315,1.11213,1.11308,589
23/07/2023 22:00:00,1.11287,1.113,1.11248,1.11287,1719
23/07/2023 23:00:00,1.11285,1.11305,1.11239,1.11244,1356
24/07/2023 00:00:00,1.11245,1.11328,1.11228,1.11299,3346
24/07/2023 01:00:00,1.11298,1.11308,1.11196,1.11221,4926
24/07/2023 02:00:00,1.11221,1.11312,1.11209,1.11264,4027
24/07/2023 03:00:00,1.11263,1.11291,1.11248,1.11255,3272
24/07/2023 04:00:00,1.11254,1.11255,1.11168,1.11201,2175
24/07/2023 05:00:00,1.11201,1.11323,1.11186,1.11319,3556
24/07/2023 06:00:00,1.11318,1.11412,1.11245,1.11358,4947
24/07/2023 07:00:00,1.11356,1.1147,1.10747,1.10814,11565
24/07/2023 08:00:00,1.10813,1.10879,1.10658,1.10709,9621
24/07/2023 09:00:00,1.10708,1.1092,1.10693,1.10819,6814
24/07/2023 10:00:00,1.10815,1.10933,1.108,1.10914,5586
24/07/2023 11:00:00,1.10916,1.1109,1.10879,1.10974,5584
24/07/2023 12:00:00,1.10979,1.10998,1.10823,1.10879,6213
24/07/2023 13:00:00,1.10877,1.11041,1.10745,1.10849,9829
24/07/2023 14:00:00,1.10849,1.10908,1.10691,1.10791,9700
24/07/2023 15:00:00,1.10792,1.1084,1.10711,1.1082,5560
24/07/2023 16:00:00,1.10821,1.10832,1.10716,1.10814,5047
24/07/2023 17:00:00,1.10812,1.10844,1.10687,1.10748,3973
24/07/2023 18:00:00,1.10749,1.10751,1.10672,1.10706,3272
24/07/2023 19:00:00,1.10706,1.10722,1.10603,1.10604,2827
24/07/2023 20:00:00,1.10603,1.10652,1.10603,1.10647,1891
24/07/2023 21:00:00,1.10635,1.10668,1.10628,1.10628,1315
24/07/2023 22:00:00,1.10628,1.10661,1.10622,1.10625,1041
24/07/2023 23:00:00,1.10626,1.10647,1.10597,1.1063,1525
25/07/2023 00:00:00,1.10631,1.107,1.10626,1.10673,3657
25/07/2023 01:00:00,1.10674,1.10769,1.1067,1.10738,5400
25/07/2023 02:00:00,1.10737,1.10816,1.10702,1.10807,4739
25/07/2023 03:00:00,1.10807,1.10808,1.10757,1.10783,2667
25/07/2023 04:00:00,1.1078,1.1079,1.10688,1.10703,2086
25/07/2023 05:00:00,1.10703,1.10782,1.10694,1.10762,3992
25/07/2023 06:00:00,1.10759,1.10869,1.10717,1.10799,5513
25/07/2023 07:00:00,1.10798,1.10846,1.10698,1.1071,7000
25/07/2023 08:00:00,1.1071,1.10711,1.10527,1.10648,7666
25/07/2023 09:00:00,1.10647,1.10677,1.10418,1.10424,5198
25/07/2023 10:00:00,1.10422,1.1047,1.10409,1.1045,3483
25/07/2023 11:00:00,1.10449,1.105,1.10391,1.10494,4744
25/07/2023 12:00:00,1.10492,1.10531,1.1043,1.10486,4959
25/07/2023 13:00:00,1.10487,1.10495,1.10256,1.10378,7386
25/07/2023 14:00:00,1.10382,1.10451,1.10207,1.10444,6586
25/07/2023 15:00:00,1.10446,1.10533,1.10424,1.10492,4655
25/07/2023 16:00:00,1.10491,1.10547,1.1041,1.10422,3831
25/07/2023 17:00:00,1.10422,1.10422,1.10353,1.10394,3343
25/07/2023 18:00:00,1.10394,1.10456,1.10357,1.10452,2776
25/07/2023 19:00:00,1.10451,1.10531,1.10433,1.10521,3655
25/07/2023 20:00:00,1.1052,1.10553,1.10514,1.10553,2399
25/07/2023 21:00:00,1.10512,1.10571,1.10512,1.10566,645
25/07/2023 22:00:00,1.10565,1.10566,1.1049,1.10513,1452
25/07/2023 23:00:00,1.10512,1.10526,1.10485,1.10499,1566
26/07/2023 00:00:00,1.105,1.10531,1.10441,1.10457,3601
26/07/2023 01:00:00,1.10456,1.10465,1.10378,1.10384,5070
26/07/2023 02:00:00,1.10386,1.10463,1.10379,1.10458,3281
26/07/2023 03:00:00,1.10457,1.10504,1.10449,1.10494,2526
26/07/2023 04:00:00,1.10493,1.10531,1.10463,1.10481,2237
26/07/2023 05:00:00,1.1048,1.1063,1.10476,1.10623,3205
26/07/2023 06:00:00,1.1062,1.10711,1.10566,1.10634,6074
26/07/2023 07:00:00,1.10632,1.10749,1.10571,1.10694,7123
26/07/2023 08:00:00,1.10693,1.10775,1.10663,1.10756,5813
26/07/2023 09:00:00,1.10756,1.10777,1.10686,1.10748,4339
26/07/2023 10:00:00,1.1075,1.10862,1.10734,1.10821,4538
26/07/2023 11:00:00,1.1082,1.10838,1.10599,1.10628,4500
26/07/2023 12:00:00,1.10627,1.10706,1.10573,1.10682,6071
26/07/2023 13:00:00,1.10681,1.10732,1.10577,1.10652,8093
26/07/2023 14:00:00,1.10651,1.10715,1.10576,1.10635,8731
26/07/2023 15:00:00,1.10635,1.10797,1.10616,1.10768,6049
26/07/2023 16:00:00,1.10768,1.10823,1.10683,1.10718,3531
26/07/2023 17:00:00,1.10714,1.10714,1.10567,1.1057,3527
26/07/2023 18:00:00,1.10572,1.11051,1.10566,1.11039,18482
26/07/2023 19:00:00,1.11041,1.11067,1.10783,1.10964,12062
26/07/2023 20:00:00,1.10963,1.10965,1.10848,1.10857,2228
26/07/2023 21:00:00,1.10814,1.10866,1.10814,1.1086,617
26/07/2023 22:00:00,1.10867,1.10894,1.10843,1.10848,1692
26/07/2023 23:00:00,1.10848,1.10849,1.10778,1.10779,1487
27/07/2023 00:00:00,1.10778,1.10872,1.10774,1.10865,4082
27/07/2023 01:00:00,1.10865,1.11003,1.10865,1.1099,4803
27/07/2023 02:00:00,1.10992,1.11181,1.10992,1.10992,5083
27/07/2023 03:00:00,1.10991,1.11063,1.10986,1.11002,3484
27/07/2023 04:00:00,1.11004,1.11078,1.1096,1.1096,3046
27/07/2023 05:00:00,1.10961,1.10996,1.1088,1.10889,4312
27/07/2023 06:00:00,1.10889,1.11003,1.10887,1.11001,6349
27/07/2023 07:00:00,1.10999,1.11342,1.10985,1.11286,7969
27/07/2023 08:00:00,1.11284,1.11393,1.11243,1.1139,6405
27/07/2023 09:00:00,1.11391,1.1144,1.11268,1.11395,5543
27/07/2023 10:00:00,1.11395,1.11496,1.11361,1.11372,4844
27/07/2023 11:00:00,1.11373,1.11411,1.11311,1.11385,4827
27/07/2023 12:00:00,1.11384,1.11391,1.10476,1.10594,16978
27/07/2023 13:00:00,1.10592,1.10653,1.09916,1.10081,17849
27/07/2023 14:00:00,1.10082,1.10108,1.0984,1.09919,15015
27/07/2023 15:00:00,1.09919,1.10032,1.09876,1.0997,8495
27/07/2023 16:00:00,1.09971,1.10011,1.09861,1.09902,5578
27/07/2023 17:00:00,1.09906,1.10104,1.09868,1.09987,12223
27/07/2023 18:00:00,1.09986,1.09988,1.09717,1.09733,7638
27/07/2023 19:00:00,1.09733,1.09742,1.09659,1.0967,5167
27/07/2023 20:00:00,1.09668,1.09769,1.09662,1.09768,2430
27/07/2023 21:00:00,1.09755,1.09778,1.09748,1.0977,379
27/07/2023 22:00:00,1.09769,1.09836,1.09767,1.0983,1628
27/07/2023 23:00:00,1.09832,1.09832,1.09761,1.09781,2316
28/07/2023 00:00:00,1.09782,1.09825,1.09775,1.09801,4276
28/07/2023 01:00:00,1.09802,1.0986,1.09736,1.09821,5706
28/07/2023 02:00:00,1.09817,1.09859,1.09776,1.09829,4647
28/07/2023 03:00:00,1.09829,1.09884,1.09714,1.09767,10489
28/07/2023 04:00:00,1.09768,1.09787,1.09596,1.09727,10094
28/07/2023 05:00:00,1.09729,1.09864,1.09488,1.09858,8886
28/07/2023 06:00:00,1.0986,1.09914,1.09684,1.09711,10448
28/07/2023 07:00:00,1.0979,1.09878,1.09436,1.09518,11196
28/07/2023 08:00:00,1.09522,1.09689,1.09476,1.09596,8657
28/07/2023 09:00:00,1.09598,1.09772,1.09564,1.09735,6387
28/07/2023 10:00:00,1.09735,1.09965,1.09704,1.09936,5273
28/07/2023 11:00:00,1.09936,1.10181,1.09919,1.10092,7106
28/07/2023 12:00:00,1.10091,1.10332,1.10034,1.10093,12053
28/07/2023 13:00:00,1.10091,1.10172,1.09931,1.10171,11922
28/07/2023 14:00:00,1.10173,1.10475,1.10172,1.10356,11253
28/07/2023 15:00:00,1.10356,1.104,1.10222,1.10383,7857
28/07/2023 16:00:00,1.10382,1.1043,1.1025,1.10255,5436
28/07/2023 17:00:00,1.10254,1.10293,1.10151,1.10212,4504
28/07/2023 18:00:00,1.10209,1.10298,1.10158,1.10233,3713
28/07/2023 19:00:00,1.10233,1.10266,1.10191,1.1023,3480
28/07/2023 20:00:00,1.10229,1.10234,1.10146,1.10164,2501
30/07/2023 21:00:00,1.10177,1.10193,1.10147,1.10174,324
30/07/2023 22:00:00,1.10164,1.10278,1.10151,1.1027,2172
30/07/2023 23:00:00,1.1027,1.10284,1.10237,1.10238,2043
31/07/2023 00:00:00,1.1024,1.10279,1.10194,1.10223,4000
31/07/2023 01:00:00,1.1022,1.10265,1.1014,1.10143,5536
31/07/2023 02:00:00,1.10142,1.10161,1.10091,1.10154,5513
31/07/2023 03:00:00,1.10153,1.10181,1.10119,1.10123,3490
31/07/2023 04:00:00,1.10124,1.10125,1.10057,1.10059,2956
31/07/2023 05:00:00,1.10058,1.10138,1.10053,1.10138,3874
31/07/2023 06:00:00,1.10144,1.10175,1.10069,1.10109,5798
31/07/2023 07:00:00,1.10109,1.10289,1.10109,1.10198,7502
31/07/2023 08:00:00,1.10199,1.10359,1.10114,1.10342,7425
31/07/2023 09:00:00,1.10339,1.10375,1.10256,1.10325,5598
31/07/2023 10:00:00,1.10325,1.10402,1.10291,1.10366,4424
31/07/2023 11:00:00,1.10365,1.10365,1.10231,1.10269,4593
31/07/2023 12:00:00,1.1027,1.10387,1.10188,1.10282,6554
31/07/2023 13:00:00,1.10283,1.10456,1.10144,1.10374,9346
31/07/2023 14:00:00,1.10377,1.10458,1.10223,1.10251,10379
31/07/2023 15:00:00,1.10251,1.10296,1.10122,1.10183,7097
31/07/2023 16:00:00,1.10185,1.10201,1.10038,1.10069,4070
31/07/2023 17:00:00,1.10069,1.10113,1.1004,1.10047,3172
31/07/2023 18:00:00,1.10046,1.10079,1.09976,1.09986,3663
31/07/2023 19:00:00,1.09986,1.10007,1.09937,1.09954,3803
31/07/2023 20:00:00,1.09953,1.09978,1.09934,1.09968,1513
31/07/2023 21:00:00,1.09943,1.09974,1.09931,1.09969,625
31/07/2023 22:00:00,1.09963,1.10029,1.09954,1.1001,1423
31/07/2023 23:00:00,1.10013,1.10014,1.09966,1.09966,1225
01/08/2023 00:00:00,1.09967,1.10016,1.09883,1.09889,3169
01/08/2023 01:00:00,1.09887,1.09908,1.0984,1.0986,3485
01/08/2023 02:00:00,1.09858,1.09872,1.09804,1.09851,3254
01/08/2023 03:00:00,1.09854,1.09892,1.09839,1.09855,3154
01/08/2023 04:00:00,1.09855,1.0991,1.0982,1.09902,3285
01/08/2023 05:00:00,1.099,1.0999,1.09866,1.09988,3849
01/08/2023 06:00:00,1.09983,1.10003,1.09884,1.09945,4714
01/08/2023 07:00:00,1.09945,1.09947,1.09702,1.09794,7603
01/08/2023 08:00:00,1.09794,1.09867,1.09708,1.09747,6642
01/08/2023 09:00:00,1.09747,1.09766,1.09658,1.09753,5060
01/08/2023 10:00:00,1.09752,1.09846,1.09693,1.09821,4903
01/08/2023 11:00:00,1.09821,1.09822,1.09737,1.09754,4895
01/08/2023 12:00:00,1.09755,1.09769,1.09523,1.09563,7709
01/08/2023 13:00:00,1.09565,1.09781,1.09559,1.0973,8102
01/08/2023 14:00:00,1.09733,1.09889,1.09609,1.09782,13336
01/08/2023 15:00:00,1.09786,1.09848,1.09608,1.09703,6940
01/08/2023 16:00:00,1.09704,1.09781,1.09681,1.0972,3647
01/08/2023 17:00:00,1.09719,1.09764,1.09627,1.09635,2942
01/08/2023 18:00:00,1.09633,1.09745,1.09633,1.09738,2919
01/08/2023 19:00:00,1.09736,1.09852,1.09735,1.09826,2912
01/08/2023 20:00:00,1.09818,1.09853,1.09804,1.09838,1432
01/08/2023 21:00:00,1.09816,1.10197,1.09809,1.10187,2925
01/08/2023 22:00:00,1.10186,1.10186,1.09984,1.10093,3898
01/08/2023 23:00:00,1.10093,1.10167,1.10045,1.10076,3149
02/08/2023 00:00:00,1.10076,1.1008,1.09927,1.09962,4936
02/08/2023 01:00:00,1.09961,1.10072,1.09913,1.09915,4965
02/08/2023 02:00:00,1.09915,1.09921,1.09803,1.09843,4566
02/08/2023 03:00:00,1.09842,1.09887,1.09802,1.0987,3956
02/08/2023 04:00:00,1.0987,1.09894,1.09815,1.09893,3127
02/08/2023 05:00:00,1.09894,1.10006,1.09889,1.09942,5675
02/08/2023 06:00:00,1.09942,1.09961,1.09814,1.09896,5937
02/08/2023 07:00:00,1.09897,1.0997,1.09818,1.099,8547
02/08/2023 08:00:00,1.09905,1.09926,1.0976,1.09843,8182
02/08/2023 09:00:00,1.09841,1.09848,1.09763,1.09806,5558
02/08/2023 10:00:00,1.09805,1.09806,1.09682,1.09787,5551
02/08/2023 11:00:00,1.09788,1.09801,1.09726,1.09785,5740
02/08/2023 12:00:00,1.09783,1.09872,1.09575,1.09597,11551
02/08/2023 13:00:00,1.09598,1.09679,1.09499,1.09501,9356
02/08/2023 14:00:00,1.09502,1.09506,1.0918,1.09272,11608
02/08/2023 15:00:00,1.09269,1.09441,1.09232,1.09383,7375
02/08/2023 16:00:00,1.09383,1.09527,1.09369,1.09505,5438
02/08/2023 17:00:00,1.09506,1.09576,1.09459,1.0946,3765
02/08/2023 18:00:00,1.09461,1.09496,1.09408,1.0943,3382
02/08/2023 19:00:00,1.09429,1.09457,1.09347,1.09396,3141
02/08/2023 20:00:00,1.09396,1.09396,1.09353,1.09385,1837
02/08/2023 21:00:00,1.09374,1.09405,1.09363,1.09387,3211
02/08/2023 22:00:00,1.09389,1.09446,1.09387,1.09444,1204
02/08/2023 23:00:00,1.09445,1.09458,1.09426,1.09434,1141
03/08/2023 00:00:00,1.09433,1.09439,1.09371,1.094,3707
03/08/2023 01:00:00,1.094,1.09492,1.09376,1.09438,4727
03/08/2023 02:00:00,1.09438,1.09449,1.09344,1.09351,3307
03/08/2023 03:00:00,1.0935,1.09351,1.09303,1.09347,2883
03/08/2023 04:00:00,1.09347,1.09357,1.09224,1.09233,3289
03/08/2023 05:00:00,1.09233,1.09408,1.09192,1.09395,5461
03/08/2023 06:00:00,1.09385,1.09433,1.09202,1.09214,7501
03/08/2023 07:00:00,1.09217,1.09278,1.09138,1.09189,10770
03/08/2023 08:00:00,1.09187,1.09248,1.09122,1.09248,7663
03/08/2023 09:00:00,1.09248,1.09384,1.09237,1.09318,6289
03/08/2023 10:00:00,1.09317,1.09355,1.09217,1.09341,4832
03/08/2023 11:00:00,1.09341,1.09488,1.0924,1.09351,9733
03/08/2023 12:00:00,1.09349,1.09562,1.09218,1.0938,12034
03/08/2023 13:00:00,1.09375,1.09401,1.09154,1.09182,10840
03/08/2023 14:00:00,1.09207,1.09479,1.09159,1.09318,12460
03/08/2023 15:00:00,1.09322,1.09546,1.09299,1.09466,7986
03/08/2023 16:00:00,1.09466,1.09628,1.09446,1.09552,4834
03/08/2023 17:00:00,1.09551,1.09569,1.09434,1.0947,3875
03/08/2023 18:00:00,1.09471,1.09523,1.09424,1.09431,3017
03/08/2023 19:00:00,1.09431,1.09444,1.09384,1.09439,2487
03/08/2023 20:00:00,1.09437,1.09502,1.09435,1.0949,1985
03/08/2023 21:00:00,1.09409,1.09493,1.09407,1.09489,1798
03/08/2023 22:00:00,1.09487,1.09522,1.09472,1.09518,3628
03/08/2023 23:00:00,1.0952,1.09535,1.09506,1.09511,1499
04/08/2023 00:00:00,1.0951,1.09556,1.09464,1.09555,3788
04/08/2023 01:00:00,1.09555,1.09615,1.09541,1.09567,4970
04/08/2023 02:00:00,1.09566,1.09611,1.09525,1.09555,4962
04/08/2023 03:00:00,1.09556,1.09602,1.09536,1.09542,3405
04/08/2023 04:00:00,1.09542,1.09555,1.09494,1.09503,2477
04/08/2023 05:00:00,1.09502,1.09583,1.09479,1.09522,4097
04/08/2023 06:00:00,1.09521,1.09583,1.0946,1.09481,4947
04/08/2023 07:00:00,1.0948,1.09543,1.09441,1.09474,6727
04/08/2023 08:00:00,1.09475,1.09527,1.09377,1.09401,5175
04/08/2023 09:00:00,1.09402,1.09459,1.09352,1.09446,3990
04/08/2023 10:00:00,1.09447,1.09487,1.0939,1.09442,4166
04/08/2023 11:00:00,1.09445,1.09456,1.09377,1.09379,4376
04/08/2023 12:00:00,1.09377,1.09981,1.09348,1.09894,12902
04/08/2023 13:00:00,1.09885,1.10299,1.09863,1.1012,15901
04/08/2023 14:00:00,1.10122,1.10285,1.10024,1.10233,11026
04/08/2023 15:00:00,1.10232,1.10418,1.10184,1.10348,7309
04/08/2023 16:00:00,1.10347,1.10393,1.10286,1.10338,4632
04/08/2023 17:00:00,1.10339,1.10391,1.10278,1.10284,3449
04/08/2023 18:00:00,1.10284,1.10284,1.10084,1.10091,5453
04/08/2023 19:00:00,1.10091,1.10108,1.10037,1.10076,3757
